{"dataset": "organmnist", "feature": "ood", "sel_func": "flcg", "sel_budget": 30, "num_selections": 10, "model": "ResNet18", "learning_rate": 0.01, "setting": {"num_cls_idc": 5, "per_idc_train": 10, "per_idc_val": 0, "per_idc_lake": 150, "per_ood_train": 0, "per_ood_val": 1, "per_ood_lake": 1000}, "all_class_acc": [[21.0, 31.33, 13.0, 26.33, 29.33, 24.198], [15.33, 27.33, 36.33, 34.67, 51.0, 32.932], [27.0, 35.33, 17.33, 10.33, 53.33, 28.663999999999998], [13.33, 45.67, 14.33, 12.33, 32.0, 23.532], [22.0, 22.0, 35.67, 27.0, 29.67, 27.268], [16.0, 12.33, 41.33, 13.67, 22.0, 21.066], [7.0, 29.0, 71.0, 13.67, 30.33, 30.2], [23.67, 26.33, 30.0, 9.0, 15.67, 20.934], [9.0, 19.67, 26.0, 23.0, 15.0, 18.534], [9.67, 14.0, 25.67, 13.0, 14.67, 15.402000000000001]], "test_acc": [0.758, 0.6706666666666666, 0.7133333333333334, 0.7646666666666667, 0.7273333333333334, 0.7893333333333333, 0.698, 0.7906666666666666, 0.8146666666666667, 0.846], "sel_per_cls": [[3, 1, 1, 0, 3, 22], [3, 1, 1, 4, 3, 18], [1, 3, 2, 2, 3, 19], [0, 1, 3, 0, 4, 22], [3, 3, 0, 3, 3, 18], [1, 0, 0, 1, 5, 23], [2, 0, 3, 3, 1, 21], [1, 1, 1, 0, 4, 23], [1, 0, 1, 1, 3, 24]], "sel_cls_idx": [0, 1, 2, 3, 4], "all_val_class_acc": [[0, 0, 0, 0, 0, 0.0], [0, 0, 0, 0, 0, 0.0], [0, 0, 0, 0, 0, 0.0], [0, 0, 0, 0, 0, 0.0], [0, 0, 0, 0, 0, 0.0], [0, 0, 0, 0, 0, 0.0], [0, 0, 0, 0, 0, 0.0], [0, 0, 0, 0, 0, 0.0], [0, 0, 0, 0, 0, 0.0], [0, 0, 0, 0, 0, 0.0]]}