{"dataset": "organmnist", "feature": "ood", "sel_func": "flcg", "sel_budget": 30, "num_selections": 10, "model": "ResNet18", "learning_rate": 0.01, "setting": {"num_cls_idc": 11, "per_idc_train": 10, "per_idc_val": 0, "per_idc_lake": 150, "per_ood_train": 0, "per_ood_val": 1, "per_ood_lake": 1000}, "all_class_acc": [[22.67, 25.0, 42.0, 31.67, 55.0, 91.0, 28.33, 31.67, 47.33, 72.0, 83.0, 48.151818181818186], [6.33, 30.33, 56.33, 22.67, 51.33, 87.67, 42.67, 12.67, 27.67, 80.0, 39.33, 41.545454545454554], [12.33, 37.0, 48.0, 16.33, 49.33, 91.67, 6.33, 15.67, 16.67, 77.0, 72.67, 40.27272727272728], [13.0, 41.0, 67.67, 31.0, 67.0, 68.0, 44.67, 15.0, 10.33, 58.0, 48.0, 42.151818181818186], [21.67, 22.33, 34.67, 19.67, 43.67, 50.33, 47.0, 10.33, 10.0, 30.0, 62.33, 31.999999999999996], [12.67, 31.0, 11.67, 16.0, 33.33, 60.67, 14.67, 11.67, 14.0, 73.67, 59.0, 30.759090909090904], [13.33, 58.67, 13.0, 27.67, 42.0, 52.0, 17.67, 17.0, 5.0, 35.33, 72.0, 32.151818181818186], [23.0, 23.67, 19.33, 20.33, 47.67, 70.33, 15.67, 9.33, 10.0, 17.67, 70.0, 29.727272727272727], [9.67, 28.67, 26.33, 24.0, 42.33, 62.33, 14.0, 11.33, 10.67, 39.0, 42.0, 28.21181818181818], [14.67, 22.0, 27.67, 10.0, 39.67, 52.67, 23.33, 23.0, 42.33, 35.33, 56.33, 31.54545454545454]], "test_acc": [0.5184848484848484, 0.5845454545454546, 0.5972727272727273, 0.5784848484848485, 0.68, 0.6924242424242424, 0.6784848484848485, 0.7027272727272728, 0.7178787878787879, 0.6845454545454546], "sel_per_cls": [[0, 1, 0, 1, 4, 1, 5, 4, 0, 3, 2, 9], [2, 1, 1, 2, 2, 2, 2, 1, 1, 2, 1, 13], [0, 0, 3, 2, 2, 4, 3, 0, 1, 3, 1, 11], [1, 1, 1, 0, 3, 3, 2, 1, 2, 3, 1, 12], [0, 0, 2, 0, 2, 2, 2, 0, 1, 3, 3, 15], [1, 0, 0, 1, 2, 5, 2, 1, 3, 2, 1, 12], [0, 3, 1, 1, 1, 0, 1, 1, 0, 1, 1, 20], [0, 2, 1, 1, 1, 2, 2, 0, 0, 3, 4, 14], [2, 1, 1, 2, 3, 2, 0, 1, 0, 2, 2, 14]], "sel_cls_idx": [0, 1, 2, 3, 4, 5, 6, 7, 8, 9, 10], "all_val_class_acc": [[0, 0, 0, 0, 0, 0, 0, 0, 0, 0, 0, 0.0], [0, 0, 0, 0, 0, 0, 0, 0, 0, 0, 0, 0.0], [0, 0, 0, 0, 0, 0, 0, 0, 0, 0, 0, 0.0], [0, 0, 0, 0, 0, 0, 0, 0, 0, 0, 0, 0.0], [0, 0, 0, 0, 0, 0, 0, 0, 0, 0, 0, 0.0], [0, 0, 0, 0, 0, 0, 0, 0, 0, 0, 0, 0.0], [0, 0, 0, 0, 0, 0, 0, 0, 0, 0, 0, 0.0], [0, 0, 0, 0, 0, 0, 0, 0, 0, 0, 0, 0.0], [0, 0, 0, 0, 0, 0, 0, 0, 0, 0, 0, 0.0], [0, 0, 0, 0, 0, 0, 0, 0, 0, 0, 0, 0.0]]}