{"dataset": "dermamnist", "feature": "ood", "sel_func": "logdetmic", "sel_budget": 30, "num_selections": 10, "model": "ResNet18", "learning_rate": 0.01, "setting": {"num_cls_idc": 7, "per_idc_train": 20, "per_idc_val": 0, "per_idc_lake": 180, "per_ood_train": 0, "per_ood_val": 20, "per_ood_lake": 5000}, "all_class_acc": [[91.43, 60.0, 71.43, 34.29, 82.86, 37.14, 60.0, 62.45], [42.86, 57.14, 77.14, 57.14, 71.43, 37.14, 62.86, 57.958571428571425], [77.14, 60.0, 68.57, 60.0, 88.57, 34.29, 80.0, 66.93857142857142], [77.14, 51.43, 74.29, 80.0, 74.29, 31.43, 62.86, 64.49142857142859], [82.86, 48.57, 74.29, 57.14, 68.57, 31.43, 77.14, 62.857142857142854], [71.43, 51.43, 82.86, 51.43, 68.57, 45.71, 85.71, 65.30571428571429], [54.29, 68.57, 88.57, 54.29, 60.0, 37.14, 65.71, 61.224285714285706], [57.14, 68.57, 80.0, 65.71, 91.43, 34.29, 37.14, 62.04], [57.14, 54.29, 77.14, 62.86, 65.71, 54.29, 71.43, 63.26571428571429], [80.0, 54.29, 74.29, 74.29, 77.14, 31.43, 74.29, 66.53285714285714]], "test_acc": [0.37551020408163266, 0.4204081632653061, 0.3306122448979592, 0.3551020408163265, 0.37142857142857144, 0.3469387755102041, 0.3877551020408163, 0.3795918367346939, 0.3673469387755102, 0.3346938775510204], "sel_per_cls": [[0, 0, 0, 0, 0, 1, 0, 29], [0, 0, 0, 0, 0, 0, 0, 30], [0, 0, 0, 0, 0, 0, 0, 30], [0, 0, 0, 0, 0, 0, 0, 30], [0, 0, 0, 0, 0, 0, 0, 30], [0, 0, 0, 0, 0, 0, 0, 30], [0, 0, 0, 0, 0, 0, 0, 30], [0, 0, 0, 0, 0, 0, 0, 30], [0, 0, 0, 0, 0, 0, 0, 30]], "sel_cls_idx": [0, 1, 2, 3, 4, 5, 6], "all_val_class_acc": [[0, 0, 0, 0, 0, 0, 0, 0.0], [0, 0, 0, 0, 0, 0, 0, 0.0], [0, 0, 0, 0, 0, 0, 0, 0.0], [0, 0, 0, 0, 0, 0, 0, 0.0], [0, 0, 0, 0, 0, 0, 0, 0.0], [0, 0, 0, 0, 0, 0, 0, 0.0], [0, 0, 0, 0, 0, 0, 0, 0.0], [0, 0, 0, 0, 0, 0, 0, 0.0], [0, 0, 0, 0, 0, 0, 0, 0.0], [0, 0, 0, 0, 0, 0, 0, 0.0]]}