{"dataset": "dermamnist", "feature": "ood", "sel_func": "logdetmic", "sel_budget": 30, "num_selections": 10, "model": "ResNet18", "learning_rate": 0.01, "setting": {"num_cls_idc": 7, "per_idc_train": 20, "per_idc_val": 0, "per_idc_lake": 180, "per_ood_train": 0, "per_ood_val": 1, "per_ood_lake": 1000}, "all_class_acc": [[91.43, 60.0, 71.43, 34.29, 82.86, 37.14, 60.0, 62.45], [71.43, 57.14, 77.14, 74.29, 48.57, 31.43, 57.14, 59.59142857142857], [68.57, 51.43, 88.57, 45.71, 65.71, 25.71, 82.86, 61.222857142857144], [54.29, 54.29, 94.29, 48.57, 88.57, 28.57, 71.43, 62.85857142857143], [71.43, 65.71, 62.86, 60.0, 74.29, 42.86, 62.86, 62.85857142857144], [82.86, 57.14, 68.57, 48.57, 91.43, 45.71, 54.29, 64.08142857142857], [71.43, 62.86, 88.57, 62.86, 74.29, 28.57, 54.29, 63.267142857142865], [65.71, 48.57, 85.71, 68.57, 65.71, 31.43, 62.86, 61.222857142857144], [71.43, 62.86, 74.29, 45.71, 82.86, 31.43, 48.57, 59.59285714285715], [60.0, 51.43, 77.14, 42.86, 85.71, 54.29, 74.29, 63.674285714285716]], "test_acc": [0.37551020408163266, 0.40408163265306124, 0.3877551020408163, 0.37142857142857144, 0.37142857142857144, 0.35918367346938773, 0.3673469387755102, 0.3877551020408163, 0.40408163265306124, 0.363265306122449], "sel_per_cls": [[0, 0, 0, 0, 2, 8, 1, 19], [0, 0, 0, 0, 0, 4, 0, 26], [0, 0, 1, 0, 0, 1, 0, 28], [0, 0, 0, 0, 0, 0, 0, 30], [0, 0, 0, 0, 0, 0, 1, 29], [0, 0, 0, 0, 0, 0, 0, 30], [0, 0, 0, 0, 1, 0, 0, 29], [0, 0, 0, 0, 1, 0, 0, 29], [0, 1, 0, 0, 0, 0, 0, 29]], "sel_cls_idx": [0, 1, 2, 3, 4, 5, 6], "all_val_class_acc": [[0, 0, 0, 0, 0, 0, 0, 0.0], [0, 0, 0, 0, 0, 0, 0, 0.0], [0, 0, 0, 0, 0, 0, 0, 0.0], [0, 0, 0, 0, 0, 0, 0, 0.0], [0, 0, 0, 0, 0, 0, 0, 0.0], [0, 0, 0, 0, 0, 0, 0, 0.0], [0, 0, 0, 0, 0, 0, 0, 0.0], [0, 0, 0, 0, 0, 0, 0, 0.0], [0, 0, 0, 0, 0, 0, 0, 0.0], [0, 0, 0, 0, 0, 0, 0, 0.0]]}