{"dataset": "organmnist", "feature": "ood", "sel_func": "random", "sel_budget": 30, "num_selections": 10, "model": "ResNet18", "learning_rate": 0.01, "setting": {"num_cls_idc": 5, "per_idc_train": 15, "per_idc_val": 10, "per_idc_lake": 50, "per_ood_train": 0, "per_ood_val": 0, "per_ood_lake": 8000}, "all_class_acc": [[28.67, 58.67, 51.67, 24.0, 26.67, 37.936], [28.67, 70.0, 51.33, 70.67, 48.33, 53.8], [9.67, 46.0, 67.67, 37.0, 48.0, 41.668], [7.0, 50.67, 61.67, 18.67, 38.67, 35.336], [26.0, 62.67, 48.0, 24.0, 50.33, 42.2], [22.67, 56.33, 55.0, 34.67, 38.33, 41.4], [10.67, 56.33, 51.67, 40.0, 46.33, 41.0], [27.33, 61.67, 45.0, 31.67, 47.33, 42.6], [8.33, 69.33, 50.33, 38.33, 47.67, 42.798], [37.0, 52.67, 67.0, 19.67, 46.33, 44.534000000000006]], "test_acc": [0.6206666666666667, 0.462, 0.5833333333333334, 0.6466666666666666, 0.578, 0.586, 0.59, 0.574, 0.572, 0.5546666666666666], "sel_per_cls": [[0, 0, 0, 0, 0, 30], [0, 1, 0, 0, 0, 29], [1, 0, 0, 1, 0, 28], [0, 0, 0, 0, 1, 29], [0, 0, 0, 0, 0, 30], [0, 0, 0, 1, 1, 28], [0, 0, 1, 0, 0, 29], [0, 1, 0, 0, 0, 29], [0, 0, 1, 0, 0, 29]], "sel_cls_idx": [0, 1, 2, 3, 4], "all_val_class_acc": [[10.0, 90.0, 60.0, 0.0, 10.0, 34.0], [20.0, 70.0, 60.0, 50.0, 20.0, 44.0], [10.0, 45.45, 60.0, 60.0, 30.0, 41.089999999999996], [9.09, 63.64, 90.0, 9.09, 10.0, 36.364000000000004], [9.09, 54.55, 10.0, 18.18, 45.45, 27.453999999999997], [18.18, 63.64, 90.0, 9.09, 9.09, 38.0], [9.09, 63.64, 30.0, 33.33, 16.67, 30.546000000000003], [18.18, 54.55, 54.55, 16.67, 41.67, 37.124], [9.09, 66.67, 54.55, 25.0, 16.67, 34.396], [54.55, 50.0, 75.0, 16.67, 16.67, 42.57800000000001]]}