{"dataset": "organmnist", "feature": "ood", "sel_func": "random", "sel_budget": 30, "num_selections": 10, "model": "ResNet18", "learning_rate": 0.01, "setting": {"num_cls_idc": 11, "per_idc_train": 10, "per_idc_val": 10, "per_idc_lake": 150, "per_ood_train": 0, "per_ood_val": 0, "per_ood_lake": 8000}, "all_class_acc": [[48.33, 31.0, 22.33, 15.0, 70.0, 70.0, 45.33, 14.67, 16.0, 56.33, 85.67, 43.15090909090909], [20.0, 34.67, 14.33, 33.33, 40.67, 54.33, 55.33, 30.0, 71.0, 66.0, 83.67, 45.75727272727273], [52.33, 40.33, 14.0, 22.67, 66.33, 58.0, 31.33, 28.33, 13.0, 36.0, 68.33, 39.14999999999999], [15.0, 42.33, 22.67, 23.67, 91.0, 50.33, 51.33, 25.67, 5.33, 59.0, 76.67, 42.09090909090909], [16.33, 62.67, 34.0, 16.0, 69.33, 48.0, 22.0, 18.67, 5.0, 42.33, 86.0, 38.21181818181818], [13.0, 31.67, 23.0, 16.0, 79.0, 90.33, 17.0, 16.33, 20.33, 58.0, 51.33, 37.81727272727272], [32.33, 46.67, 18.67, 12.67, 86.0, 80.0, 55.0, 23.33, 21.67, 8.33, 80.33, 42.27272727272727], [20.0, 34.33, 16.67, 12.33, 71.33, 71.33, 32.67, 25.33, 17.0, 75.33, 63.0, 39.93818181818182], [22.33, 23.67, 35.33, 21.67, 53.33, 63.33, 44.67, 31.67, 8.67, 40.0, 78.0, 38.42454545454546], [19.0, 26.67, 21.33, 16.67, 74.0, 65.33, 80.67, 20.33, 5.0, 17.0, 75.33, 38.302727272727275]], "test_acc": [0.5684848484848485, 0.5424242424242425, 0.6084848484848485, 0.5790909090909091, 0.6178787878787879, 0.6218181818181818, 0.5772727272727273, 0.6006060606060606, 0.6157575757575757, 0.616969696969697], "sel_per_cls": [[0, 0, 4, 0, 1, 1, 1, 1, 0, 0, 0, 22], [0, 0, 0, 0, 1, 0, 0, 0, 0, 1, 0, 28], [2, 0, 1, 2, 2, 1, 1, 0, 0, 0, 0, 21], [1, 0, 0, 1, 0, 0, 1, 0, 0, 0, 0, 27], [1, 0, 1, 3, 0, 0, 1, 0, 1, 1, 0, 22], [0, 1, 0, 2, 0, 0, 0, 1, 0, 0, 0, 26], [0, 1, 0, 1, 1, 1, 0, 0, 0, 0, 0, 26], [0, 0, 1, 1, 0, 1, 1, 1, 0, 0, 0, 25], [0, 0, 1, 1, 0, 1, 0, 0, 1, 2, 1, 23]], "sel_cls_idx": [0, 1, 2, 3, 4, 5, 6, 7, 8, 9, 10], "all_val_class_acc": [[30.0, 0.0, 40.0, 10.0, 100.0, 60.0, 50.0, 0.0, 10.0, 30.0, 100.0, 39.09090909090909], [20.0, 10.0, 14.29, 20.0, 45.45, 36.36, 36.36, 0.0, 30.0, 40.0, 60.0, 28.405454545454543], [50.0, 10.0, 28.57, 10.0, 50.0, 54.55, 27.27, 27.27, 0.0, 27.27, 60.0, 31.35727272727273], [8.33, 10.0, 13.33, 8.33, 64.29, 50.0, 33.33, 27.27, 0.0, 45.45, 70.0, 30.030000000000005], [15.38, 60.0, 20.0, 7.69, 42.86, 25.0, 30.77, 18.18, 0.0, 27.27, 90.0, 30.650000000000002], [7.14, 0.0, 37.5, 6.25, 57.14, 75.0, 0.0, 18.18, 9.09, 25.0, 40.0, 25.027272727272727], [21.43, 9.09, 18.75, 5.56, 64.29, 58.33, 28.57, 8.33, 9.09, 0.0, 40.0, 23.94909090909091], [14.29, 0.0, 18.75, 5.26, 46.67, 38.46, 28.57, 16.67, 9.09, 58.33, 50.0, 26.00818181818182], [14.29, 0.0, 29.41, 5.0, 26.67, 50.0, 20.0, 7.69, 0.0, 16.67, 40.0, 19.066363636363636], [7.14, 0.0, 22.22, 4.76, 66.67, 40.0, 66.67, 7.69, 0.0, 7.14, 45.45, 24.339999999999996]]}