{"dataset": "organmnist", "feature": "ood", "sel_func": "flcg", "sel_budget": 30, "num_selections": 10, "model": "ResNet18", "learning_rate": 0.01, "setting": {"num_cls_idc": 11, "per_idc_train": 10, "per_idc_val": 10, "per_idc_lake": 150, "per_ood_train": 0, "per_ood_val": 0, "per_ood_lake": 8000}, "all_class_acc": [[48.33, 31.0, 22.33, 15.0, 70.0, 70.0, 45.33, 14.67, 16.0, 56.33, 85.67, 43.15090909090909], [39.33, 52.0, 50.67, 13.0, 60.0, 80.0, 55.0, 34.0, 14.33, 29.33, 73.67, 45.57545454545454], [3.33, 40.67, 58.0, 10.67, 95.33, 56.0, 80.33, 29.67, 3.33, 29.0, 83.33, 44.51454545454545], [29.0, 29.67, 22.67, 20.0, 77.67, 46.67, 39.33, 13.67, 26.67, 66.33, 49.67, 38.304545454545455], [20.0, 34.0, 14.0, 26.0, 71.0, 46.67, 32.0, 16.67, 2.67, 73.67, 62.67, 36.30454545454546], [47.67, 46.67, 23.67, 14.67, 48.67, 49.0, 72.67, 6.0, 14.33, 60.67, 34.67, 38.06272727272728], [13.33, 41.33, 19.33, 18.67, 44.67, 48.67, 32.67, 13.0, 3.67, 38.67, 60.33, 30.39454545454545], [24.33, 31.33, 37.33, 7.67, 59.67, 76.67, 23.67, 15.33, 12.0, 36.0, 54.33, 34.39363636363636], [17.67, 25.0, 33.67, 17.67, 47.0, 70.0, 49.67, 10.67, 4.33, 73.33, 42.33, 35.57636363636363], [26.33, 30.33, 22.67, 14.33, 47.0, 67.0, 17.33, 8.67, 9.33, 30.0, 54.33, 29.756363636363634]], "test_acc": [0.5684848484848485, 0.5442424242424242, 0.5548484848484848, 0.616969696969697, 0.636969696969697, 0.6193939393939394, 0.696060606060606, 0.656060606060606, 0.6442424242424243, 0.7024242424242424], "sel_per_cls": [[1, 0, 0, 0, 0, 1, 0, 2, 1, 0, 0, 25], [1, 1, 1, 2, 1, 1, 1, 2, 2, 0, 3, 15], [1, 1, 1, 2, 2, 1, 2, 1, 2, 1, 1, 15], [2, 1, 1, 2, 2, 2, 1, 2, 2, 1, 1, 13], [2, 2, 2, 1, 1, 1, 2, 3, 3, 1, 1, 11], [1, 3, 2, 3, 4, 1, 1, 2, 2, 1, 3, 7], [2, 1, 1, 2, 2, 1, 2, 2, 2, 2, 1, 12], [1, 0, 4, 2, 1, 1, 4, 2, 2, 3, 1, 9], [3, 2, 1, 2, 2, 1, 2, 2, 2, 3, 2, 8]], "sel_cls_idx": [0, 1, 2, 3, 4, 5, 6, 7, 8, 9, 10], "all_val_class_acc": [[30.0, 0.0, 40.0, 10.0, 100.0, 60.0, 50.0, 0.0, 10.0, 30.0, 100.0, 39.09090909090909], [27.27, 10.0, 80.0, 0.0, 60.0, 63.64, 30.0, 16.67, 0.0, 10.0, 60.0, 32.50727272727273], [8.33, 9.09, 72.73, 8.33, 81.82, 41.67, 72.73, 7.14, 0.0, 30.0, 46.15, 34.36272727272728], [7.69, 16.67, 16.67, 7.14, 53.85, 23.08, 38.46, 6.67, 0.0, 27.27, 21.43, 19.902727272727272], [13.33, 7.69, 7.69, 6.25, 33.33, 26.67, 21.43, 0.0, 0.0, 33.33, 40.0, 17.247272727272726], [23.53, 13.33, 40.0, 0.0, 25.0, 31.25, 43.75, 0.0, 0.0, 30.77, 12.5, 20.011818181818185], [5.56, 16.67, 17.65, 5.0, 35.0, 23.53, 23.53, 0.0, 0.0, 7.14, 26.32, 14.58181818181818], [10.0, 0.0, 33.33, 4.55, 31.82, 50.0, 10.53, 4.17, 0.0, 6.25, 10.0, 14.604545454545452], [4.76, 0.0, 22.73, 4.17, 21.74, 36.84, 17.39, 0.0, 0.0, 15.79, 0.0, 11.22], [12.5, 0.0, 17.39, 3.85, 16.0, 25.0, 8.0, 0.0, 0.0, 9.09, 17.39, 9.92909090909091]]}