{"dataset": "dermamnist", "feature": "ood", "sel_func": "flmic", "sel_budget": 30, "num_selections": 10, "model": "ResNet18", "learning_rate": 0.01, "setting": {"num_cls_idc": 7, "per_idc_train": 20, "per_idc_val": 0, "per_idc_lake": 180, "per_ood_train": 0, "per_ood_val": 1, "per_ood_lake": 1000}, "all_class_acc": [[91.43, 60.0, 71.43, 34.29, 82.86, 37.14, 60.0, 62.45], [62.86, 57.14, 77.14, 48.57, 62.86, 37.14, 80.0, 60.815714285714286], [74.29, 65.71, 71.43, 71.43, 57.14, 31.43, 77.14, 64.08142857142857], [68.57, 54.29, 80.0, 54.29, 71.43, 74.29, 68.57, 67.34857142857143], [62.86, 54.29, 82.86, 54.29, 74.29, 40.0, 68.57, 62.451428571428565], [54.29, 54.29, 82.86, 80.0, 65.71, 37.14, 82.86, 65.30714285714285], [77.14, 51.43, 82.86, 57.14, 74.29, 40.0, 91.43, 67.75571428571429], [45.71, 68.57, 80.0, 68.57, 94.29, 28.57, 80.0, 66.53], [62.86, 60.0, 71.43, 62.86, 45.71, 37.14, 88.57, 61.22428571428571], [60.0, 62.86, 77.14, 71.43, 62.86, 31.43, 62.86, 61.22571428571429]], "test_acc": [0.37551020408163266, 0.39183673469387753, 0.35918367346938773, 0.32653061224489793, 0.37551020408163266, 0.3469387755102041, 0.3224489795918367, 0.3346938775510204, 0.3877551020408163, 0.3877551020408163], "sel_per_cls": [[0, 0, 0, 0, 0, 0, 0, 30], [0, 0, 0, 0, 0, 0, 0, 30], [0, 0, 0, 0, 0, 0, 0, 30], [0, 0, 0, 0, 0, 0, 0, 30], [0, 0, 0, 0, 0, 0, 0, 30], [0, 0, 0, 0, 0, 0, 0, 30], [0, 0, 0, 0, 0, 0, 0, 30], [0, 0, 0, 0, 0, 0, 0, 30], [0, 0, 0, 0, 0, 0, 1, 29]], "sel_cls_idx": [0, 1, 2, 3, 4, 5, 6], "all_val_class_acc": [[0, 0, 0, 0, 0, 0, 0, 0.0], [0, 0, 0, 0, 0, 0, 0, 0.0], [0, 0, 0, 0, 0, 0, 0, 0.0], [0, 0, 0, 0, 0, 0, 0, 0.0], [0, 0, 0, 0, 0, 0, 0, 0.0], [0, 0, 0, 0, 0, 0, 0, 0.0], [0, 0, 0, 0, 0, 0, 0, 0.0], [0, 0, 0, 0, 0, 0, 0, 0.0], [0, 0, 0, 0, 0, 0, 0, 0.0], [0, 0, 0, 0, 0, 0, 0, 0.0]]}