{"dataset": "organmnist", "feature": "ood", "sel_func": "logdetmic", "sel_budget": 30, "num_selections": 10, "model": "ResNet18", "learning_rate": 0.01, "setting": {"num_cls_idc": 11, "per_idc_train": 10, "per_idc_val": 10, "per_idc_lake": 150, "per_ood_train": 0, "per_ood_val": 0, "per_ood_lake": 8000}, "all_class_acc": [[48.33, 31.0, 22.33, 15.0, 70.0, 70.0, 45.33, 14.67, 16.0, 56.33, 85.67, 43.15090909090909], [32.33, 27.67, 48.0, 36.67, 49.33, 80.67, 33.67, 33.0, 5.33, 27.67, 76.0, 40.940000000000005], [12.67, 50.0, 22.33, 33.33, 79.67, 41.67, 53.33, 44.33, 22.33, 31.33, 54.33, 40.48363636363636], [10.67, 30.0, 17.33, 21.0, 91.0, 45.33, 32.67, 30.33, 6.33, 64.67, 40.33, 35.42363636363636], [17.0, 30.33, 24.0, 19.0, 41.67, 45.0, 44.33, 40.67, 52.33, 77.0, 83.67, 43.18181818181818], [17.33, 28.0, 20.33, 20.33, 45.67, 60.33, 24.0, 8.0, 7.67, 43.33, 62.33, 30.665454545454544], [28.67, 25.67, 24.33, 13.33, 75.33, 57.0, 36.67, 12.33, 3.67, 61.33, 40.33, 34.42363636363636], [30.0, 24.33, 29.33, 17.0, 61.0, 50.0, 26.33, 22.33, 9.67, 57.33, 64.0, 35.57454545454545], [11.33, 30.67, 9.33, 21.33, 63.0, 66.33, 4.67, 14.0, 19.33, 67.0, 52.67, 32.696363636363635], [27.67, 29.33, 14.67, 8.0, 60.0, 67.0, 26.33, 21.0, 22.33, 27.67, 42.33, 31.484545454545454]], "test_acc": [0.5684848484848485, 0.5906060606060606, 0.5951515151515151, 0.6457575757575758, 0.5681818181818182, 0.6933333333333334, 0.6557575757575758, 0.6442424242424243, 0.673030303030303, 0.6851515151515152], "sel_per_cls": [[2, 2, 1, 1, 2, 4, 3, 1, 0, 2, 1, 11], [2, 3, 3, 3, 1, 3, 3, 2, 3, 1, 2, 4], [2, 3, 1, 3, 0, 1, 3, 3, 3, 3, 3, 5], [2, 1, 1, 4, 3, 2, 5, 3, 2, 3, 2, 2], [3, 3, 0, 3, 1, 2, 4, 3, 3, 4, 3, 1], [3, 3, 1, 3, 0, 3, 4, 3, 3, 3, 3, 1], [1, 2, 1, 3, 3, 2, 4, 2, 2, 1, 4, 5], [2, 1, 2, 3, 2, 1, 4, 4, 4, 3, 3, 1], [2, 0, 0, 2, 3, 4, 4, 4, 3, 3, 2, 3]], "sel_cls_idx": [0, 1, 2, 3, 4, 5, 6, 7, 8, 9, 10], "all_val_class_acc": [[30.0, 0.0, 40.0, 10.0, 100.0, 60.0, 50.0, 0.0, 10.0, 30.0, 100.0, 39.09090909090909], [25.0, 0.0, 63.64, 18.18, 50.0, 42.86, 7.69, 27.27, 0.0, 0.0, 45.45, 25.462727272727275], [7.14, 26.67, 14.29, 7.14, 69.23, 23.53, 31.25, 30.77, 7.69, 15.38, 15.38, 22.58818181818182], [6.25, 5.56, 20.0, 5.88, 61.54, 27.78, 15.79, 12.5, 0.0, 18.75, 0.0, 15.82272727272727], [16.67, 0.0, 25.0, 4.76, 31.25, 20.0, 16.67, 5.26, 5.56, 26.32, 38.89, 17.30727272727273], [9.52, 4.55, 18.75, 4.17, 41.18, 22.73, 3.57, 0.0, 0.0, 8.7, 9.52, 11.153636363636364], [12.5, 0.0, 23.53, 3.7, 47.06, 24.0, 12.5, 4.0, 0.0, 15.38, 4.17, 13.34909090909091], [4.0, 0.0, 33.33, 3.33, 40.0, 14.81, 5.56, 3.7, 0.0, 14.81, 14.29, 12.166363636363638], [3.7, 3.57, 10.0, 3.03, 36.36, 17.86, 2.5, 0.0, 0.0, 13.33, 3.23, 8.507272727272728], [6.9, 0.0, 25.0, 2.86, 32.0, 15.62, 6.82, 0.0, 0.0, 3.03, 3.03, 8.659999999999998]]}