{"dataset": "organmnist", "feature": "ood", "sel_func": "random", "sel_budget": 50, "num_selections": 10, "model": "ResNet18", "learning_rate": 0.01, "setting": {"num_cls_idc": 11, "per_idc_train": 10, "per_idc_val": 10, "per_idc_lake": 100, "per_ood_train": 0, "per_ood_val": 0, "per_ood_lake": 8000}, "all_class_acc": [[20.0, 30.67, 47.0, 18.0, 93.0, 60.67, 52.33, 14.67, 17.33, 62.0, 83.33, 45.36363636363637], [26.33, 38.0, 25.0, 23.33, 91.0, 60.67, 73.33, 41.67, 5.67, 75.0, 81.0, 49.18181818181818], [18.67, 27.67, 21.33, 24.67, 88.67, 69.33, 58.67, 9.67, 30.33, 55.33, 82.0, 44.21272727272727], [27.33, 30.67, 36.0, 37.33, 79.67, 55.33, 52.67, 35.33, 1.33, 24.0, 57.33, 39.72636363636363], [26.0, 42.0, 67.0, 32.67, 88.67, 63.67, 61.33, 17.33, 4.67, 11.67, 84.33, 45.39454545454546], [30.0, 29.33, 38.67, 22.33, 45.33, 54.0, 57.67, 30.0, 3.0, 27.67, 94.0, 39.27272727272727], [34.0, 28.67, 72.33, 32.67, 47.33, 60.0, 55.67, 6.67, 20.0, 31.33, 63.0, 41.06090909090909], [27.67, 51.0, 19.67, 22.67, 55.67, 45.67, 65.33, 8.0, 19.33, 48.33, 81.33, 40.42454545454545], [66.33, 36.67, 23.0, 34.67, 57.0, 79.0, 21.0, 22.0, 7.33, 18.0, 61.33, 38.75727272727273], [19.33, 46.0, 23.0, 43.33, 92.33, 70.67, 23.67, 32.33, 14.33, 29.33, 56.67, 40.99909090909091]], "test_acc": [0.5463636363636364, 0.5081818181818182, 0.5578787878787879, 0.6027272727272728, 0.546060606060606, 0.6072727272727273, 0.5893939393939394, 0.5957575757575757, 0.6124242424242424, 0.59], "sel_per_cls": [[0, 0, 0, 1, 0, 3, 0, 1, 2, 0, 0, 43], [0, 1, 1, 1, 2, 1, 0, 1, 0, 1, 0, 42], [1, 1, 0, 1, 0, 0, 0, 0, 0, 3, 1, 43], [1, 0, 1, 0, 0, 0, 2, 0, 0, 2, 0, 44], [1, 0, 1, 0, 1, 0, 1, 0, 1, 0, 0, 45], [1, 0, 0, 3, 0, 1, 0, 0, 2, 0, 1, 42], [0, 0, 1, 1, 0, 0, 1, 2, 1, 1, 0, 43], [0, 0, 1, 0, 0, 0, 0, 0, 1, 0, 1, 47], [0, 2, 1, 2, 0, 1, 0, 0, 1, 0, 0, 43]], "sel_cls_idx": [0, 1, 2, 3, 4, 5, 6, 7, 8, 9, 10], "all_val_class_acc": [[10.0, 0.0, 50.0, 10.0, 90.0, 50.0, 30.0, 0.0, 0.0, 70.0, 50.0, 32.72727272727273], [60.0, 0.0, 60.0, 27.27, 100.0, 38.46, 70.0, 27.27, 0.0, 70.0, 80.0, 48.45454545454545], [20.0, 0.0, 18.18, 16.67, 66.67, 50.0, 40.0, 0.0, 0.0, 45.45, 70.0, 29.724545454545456], [27.27, 0.0, 27.27, 30.77, 58.33, 35.71, 40.0, 25.0, 0.0, 21.43, 54.55, 29.12090909090909], [25.0, 0.0, 66.67, 23.08, 83.33, 28.57, 25.0, 0.0, 0.0, 6.25, 72.73, 30.05727272727273], [7.69, 0.0, 30.77, 7.69, 38.46, 35.71, 30.77, 8.33, 0.0, 12.5, 81.82, 23.067272727272726], [14.29, 0.0, 84.62, 18.75, 30.77, 33.33, 38.46, 0.0, 0.0, 12.5, 50.0, 25.701818181818183], [14.29, 16.67, 14.29, 5.88, 30.77, 20.0, 35.71, 0.0, 0.0, 23.53, 50.0, 19.194545454545455], [42.86, 0.0, 26.67, 11.76, 53.85, 53.33, 14.29, 0.0, 5.88, 17.65, 30.77, 23.36909090909091], [7.14, 0.0, 25.0, 21.05, 53.85, 31.25, 14.29, 14.29, 0.0, 23.53, 30.77, 20.106363636363636]]}