{"dataset": "organmnist", "feature": "ood", "sel_func": "random", "sel_budget": 70, "num_selections": 10, "model": "ResNet18", "learning_rate": 0.01, "setting": {"num_cls_idc": 11, "per_idc_train": 10, "per_idc_val": 10, "per_idc_lake": 100, "per_ood_train": 0, "per_ood_val": 0, "per_ood_lake": 8000}, "all_class_acc": [[20.0, 30.67, 47.0, 18.0, 93.0, 60.67, 52.33, 14.67, 17.33, 62.0, 83.33, 45.36363636363637], [26.0, 39.0, 28.33, 9.67, 89.33, 66.33, 53.0, 38.33, 18.0, 96.67, 79.67, 49.48454545454545], [38.33, 47.0, 44.67, 14.33, 96.67, 36.0, 77.33, 25.67, 23.0, 46.33, 94.33, 49.42363636363636], [14.33, 51.67, 19.67, 29.0, 91.0, 64.33, 39.0, 9.33, 4.67, 48.0, 47.67, 38.06090909090909], [26.33, 37.67, 25.33, 14.33, 79.67, 41.33, 36.67, 18.0, 11.67, 35.33, 80.33, 36.96909090909091], [28.67, 28.0, 19.0, 19.0, 78.0, 49.33, 16.33, 16.33, 4.67, 76.67, 37.33, 33.93909090909091], [11.0, 40.33, 55.67, 18.67, 90.0, 46.67, 24.33, 19.0, 21.67, 73.33, 74.33, 43.18181818181818], [26.33, 46.33, 32.33, 23.33, 83.0, 56.0, 22.33, 24.0, 5.0, 51.33, 48.67, 38.059090909090905], [23.0, 39.33, 21.0, 12.33, 85.67, 52.33, 28.33, 39.0, 12.67, 42.67, 38.33, 35.878181818181815], [59.0, 21.33, 65.0, 67.33, 83.33, 51.67, 63.33, 3.33, 24.0, 16.67, 90.67, 49.60545454545454]], "test_acc": [0.5463636363636364, 0.5051515151515151, 0.5057575757575757, 0.6193939393939394, 0.6303030303030303, 0.6606060606060606, 0.5681818181818182, 0.6193939393939394, 0.6412121212121212, 0.5039393939393939], "sel_per_cls": [[1, 0, 0, 2, 0, 3, 1, 1, 2, 0, 0, 60], [0, 1, 2, 0, 1, 1, 0, 0, 1, 0, 3, 61], [1, 1, 0, 1, 1, 0, 1, 0, 2, 1, 2, 60], [1, 0, 1, 2, 0, 0, 3, 3, 1, 1, 1, 57], [2, 1, 0, 0, 1, 1, 1, 0, 1, 0, 1, 62], [1, 0, 0, 1, 0, 0, 0, 3, 2, 1, 1, 61], [1, 1, 0, 0, 0, 1, 0, 4, 1, 0, 0, 62], [1, 3, 0, 1, 0, 0, 0, 1, 0, 2, 1, 61], [0, 1, 1, 0, 0, 0, 0, 1, 1, 2, 1, 63]], "sel_cls_idx": [0, 1, 2, 3, 4, 5, 6, 7, 8, 9, 10], "all_val_class_acc": [[10.0, 0.0, 50.0, 10.0, 90.0, 50.0, 30.0, 0.0, 0.0, 70.0, 50.0, 32.72727272727273], [9.09, 30.0, 60.0, 8.33, 80.0, 46.15, 36.36, 18.18, 0.0, 100.0, 70.0, 41.64636363636364], [45.45, 18.18, 66.67, 16.67, 90.91, 21.43, 63.64, 18.18, 0.0, 30.0, 76.92, 40.731818181818184], [25.0, 41.67, 16.67, 15.38, 75.0, 35.71, 16.67, 9.09, 0.0, 27.27, 20.0, 25.678181818181823], [7.69, 8.33, 38.46, 6.67, 58.33, 21.43, 13.33, 7.14, 0.0, 50.0, 31.25, 22.05727272727273], [20.0, 0.0, 30.77, 6.67, 61.54, 26.67, 12.5, 7.14, 0.0, 66.67, 0.0, 21.087272727272726], [18.75, 7.69, 69.23, 6.25, 76.92, 26.67, 25.0, 0.0, 0.0, 46.15, 33.33, 28.180909090909086], [29.41, 7.14, 23.08, 6.25, 69.23, 37.5, 6.25, 4.76, 0.0, 30.77, 11.11, 20.5], [16.67, 0.0, 23.08, 5.88, 53.85, 31.25, 12.5, 13.64, 0.0, 13.33, 10.53, 16.430000000000003], [33.33, 5.56, 57.14, 17.65, 69.23, 31.25, 18.75, 0.0, 0.0, 5.88, 40.0, 25.344545454545457]]}