{"dataset": "organmnist", "feature": "ood", "sel_func": "fl2mi", "sel_budget": 50, "num_selections": 10, "model": "ResNet18", "learning_rate": 0.01, "setting": {"num_cls_idc": 11, "per_idc_train": 10, "per_idc_val": 10, "per_idc_lake": 100, "per_ood_train": 0, "per_ood_val": 0, "per_ood_lake": 8000}, "all_class_acc": [[20.0, 30.67, 47.0, 18.0, 93.0, 60.67, 52.33, 14.67, 17.33, 62.0, 83.33, 45.36363636363637], [16.67, 36.67, 25.0, 32.33, 68.0, 80.0, 34.0, 16.67, 18.33, 33.0, 69.0, 39.06090909090909], [29.67, 24.33, 25.0, 19.67, 62.67, 62.67, 14.0, 30.67, 2.67, 27.33, 69.33, 33.45545454545454], [13.0, 26.33, 26.0, 22.0, 76.67, 55.33, 5.0, 22.33, 14.67, 34.33, 49.0, 31.33272727272727], [15.0, 19.33, 18.67, 19.67, 43.67, 55.0, 15.0, 5.67, 20.33, 54.0, 60.0, 29.667272727272724], [18.33, 17.0, 14.67, 20.33, 50.67, 50.0, 11.67, 6.0, 13.33, 43.33, 56.67, 27.454545454545453], [26.67, 13.33, 14.0, 26.0, 50.33, 46.33, 29.0, 17.0, 5.0, 22.67, 73.33, 29.423636363636362], [16.67, 27.67, 20.0, 10.33, 66.33, 42.33, 9.0, 14.67, 14.67, 43.67, 35.67, 27.364545454545453], [14.67, 28.0, 24.33, 21.0, 41.67, 28.67, 32.67, 17.67, 9.67, 49.0, 47.33, 28.60727272727273], [13.33, 32.0, 16.33, 20.67, 61.67, 51.33, 34.67, 26.0, 2.67, 33.67, 51.0, 31.212727272727275]], "test_acc": [0.5463636363636364, 0.6093939393939394, 0.6654545454545454, 0.6866666666666666, 0.7033333333333334, 0.7254545454545455, 0.7057575757575758, 0.7263636363636363, 0.713939393939394, 0.6878787878787879], "sel_per_cls": [[2, 4, 2, 5, 1, 4, 4, 4, 3, 4, 3, 14], [5, 4, 2, 5, 5, 4, 6, 3, 3, 3, 6, 4], [5, 6, 4, 3, 4, 6, 5, 4, 5, 4, 3, 1], [5, 4, 4, 3, 6, 5, 5, 6, 4, 4, 4, 0], [4, 5, 3, 4, 2, 4, 6, 4, 4, 5, 6, 3], [6, 3, 4, 6, 5, 3, 4, 6, 3, 4, 6, 0], [3, 3, 3, 5, 2, 7, 5, 5, 5, 4, 6, 2], [8, 3, 4, 5, 4, 4, 6, 3, 4, 2, 5, 2], [5, 4, 3, 6, 2, 4, 4, 5, 2, 4, 5, 6]], "sel_cls_idx": [0, 1, 2, 3, 4, 5, 6, 7, 8, 9, 10], "all_val_class_acc": [[10.0, 0.0, 50.0, 10.0, 90.0, 50.0, 30.0, 0.0, 0.0, 70.0, 50.0, 32.72727272727273], [8.33, 7.14, 33.33, 6.67, 72.73, 64.29, 21.43, 0.0, 7.69, 7.14, 23.08, 22.89363636363636], [5.88, 11.11, 21.43, 5.0, 31.25, 27.78, 5.0, 17.65, 0.0, 0.0, 21.05, 13.286363636363637], [4.55, 0.0, 16.67, 4.35, 40.0, 16.67, 0.0, 0.0, 0.0, 14.29, 4.55, 9.18909090909091], [3.7, 0.0, 18.18, 3.85, 19.23, 17.24, 3.33, 0.0, 0.0, 12.0, 15.38, 8.446363636363635], [3.23, 0.0, 12.0, 3.33, 7.14, 15.15, 2.78, 0.0, 0.0, 6.67, 6.25, 5.1409090909090915], [8.11, 0.0, 10.34, 2.78, 18.18, 13.89, 2.5, 0.0, 0.0, 2.94, 10.53, 6.297272727272727], [2.5, 0.0, 6.25, 2.44, 8.57, 9.3, 0.0, 0.0, 0.0, 2.63, 0.0, 2.880909090909091], [4.17, 0.0, 13.89, 2.17, 10.26, 6.38, 1.96, 0.0, 0.0, 2.5, 6.12, 4.3136363636363635], [1.89, 0.0, 5.13, 1.92, 14.63, 5.88, 1.82, 4.0, 0.0, 2.27, 7.41, 4.086363636363637]]}