{"dataset": "organmnist", "feature": "ood", "sel_func": "us", "sel_budget": 30, "num_selections": 10, "model": "ResNet18", "learning_rate": 0.01, "setting": {"num_cls_idc": 11, "per_idc_train": 10, "per_idc_val": 10, "per_idc_lake": 150, "per_ood_train": 0, "per_ood_val": 0, "per_ood_lake": 8000}, "all_class_acc": [[48.33, 31.0, 22.33, 15.0, 70.0, 70.0, 45.33, 14.67, 16.0, 56.33, 85.67, 43.15090909090909], [27.0, 29.67, 34.0, 6.67, 86.33, 74.0, 84.67, 39.67, 29.0, 27.33, 67.0, 45.940000000000005], [22.0, 48.33, 32.33, 23.67, 67.67, 74.33, 52.67, 34.0, 13.0, 10.33, 53.67, 39.27272727272727], [12.67, 41.0, 66.0, 6.33, 87.0, 47.33, 37.67, 50.67, 2.33, 53.67, 65.67, 42.75818181818182], [10.33, 32.0, 31.0, 14.0, 53.0, 74.0, 55.0, 15.33, 21.0, 61.33, 79.33, 40.57454545454545], [19.0, 30.67, 57.67, 32.67, 59.67, 71.0, 53.33, 33.33, 2.0, 14.0, 57.67, 39.18272727272727], [19.33, 28.67, 38.67, 17.67, 47.0, 65.33, 14.0, 18.33, 5.67, 59.67, 57.0, 33.75818181818182], [20.0, 27.33, 74.67, 24.33, 46.67, 65.67, 38.67, 18.0, 5.33, 52.33, 34.0, 37.0], [14.33, 26.0, 46.67, 51.33, 37.0, 52.0, 28.0, 23.33, 13.33, 69.33, 48.0, 37.210909090909084], [19.67, 27.0, 63.33, 32.67, 49.33, 66.67, 32.0, 3.0, 14.0, 36.0, 28.33, 33.81818181818182]], "test_acc": [0.5684848484848485, 0.5406060606060606, 0.6072727272727273, 0.5724242424242424, 0.5942424242424242, 0.6081818181818182, 0.6624242424242425, 0.63, 0.6278787878787879, 0.6618181818181819], "sel_per_cls": [[0, 0, 0, 0, 0, 4, 0, 0, 0, 0, 2, 24], [2, 0, 0, 0, 1, 3, 0, 0, 1, 3, 2, 18], [0, 0, 1, 0, 1, 1, 0, 0, 0, 0, 0, 27], [2, 0, 0, 0, 6, 5, 0, 0, 0, 6, 5, 6], [0, 0, 0, 0, 1, 2, 0, 0, 0, 5, 10, 12], [0, 0, 0, 0, 5, 2, 2, 3, 0, 0, 2, 16], [0, 0, 0, 0, 4, 2, 0, 0, 1, 4, 7, 12], [1, 1, 1, 2, 0, 3, 1, 5, 0, 1, 3, 12], [0, 0, 0, 0, 3, 2, 1, 1, 0, 3, 6, 14]], "sel_cls_idx": [0, 1, 2, 3, 4, 5, 6, 7, 8, 9, 10], "all_val_class_acc": [[30.0, 0.0, 40.0, 10.0, 100.0, 60.0, 50.0, 0.0, 10.0, 30.0, 100.0, 39.09090909090909], [10.0, 10.0, 40.0, 10.0, 90.0, 35.71, 70.0, 40.0, 0.0, 20.0, 41.67, 33.398181818181826], [0.0, 30.0, 30.0, 10.0, 72.73, 29.41, 40.0, 40.0, 0.0, 0.0, 28.57, 25.519090909090913], [0.0, 20.0, 54.55, 10.0, 75.0, 16.67, 50.0, 70.0, 0.0, 23.08, 28.57, 31.624545454545455], [0.0, 0.0, 27.27, 10.0, 44.44, 30.43, 60.0, 0.0, 0.0, 10.53, 31.58, 19.477272727272727], [0.0, 0.0, 54.55, 30.0, 42.11, 28.0, 60.0, 10.0, 0.0, 8.33, 6.9, 21.80818181818182], [0.0, 10.0, 36.36, 20.0, 25.0, 11.11, 0.0, 7.69, 0.0, 12.5, 12.9, 12.323636363636364], [0.0, 0.0, 54.55, 10.0, 28.57, 20.69, 25.0, 15.38, 0.0, 7.14, 7.89, 15.383636363636361], [13.33, 0.0, 50.0, 25.0, 21.43, 9.38, 7.69, 16.67, 0.0, 17.24, 9.76, 15.5], [13.33, 9.09, 50.0, 8.33, 19.35, 8.82, 7.14, 0.0, 0.0, 3.12, 2.13, 11.028181818181817]]}