{"dataset": "organmnist", "feature": "ood", "sel_func": "us", "sel_budget": 30, "num_selections": 10, "model": "ResNet18", "learning_rate": 0.01, "setting": {"num_cls_idc": 5, "per_idc_train": 15, "per_idc_val": 10, "per_idc_lake": 50, "per_ood_train": 0, "per_ood_val": 0, "per_ood_lake": 8000}, "all_class_acc": [[28.67, 58.67, 51.67, 24.0, 26.67, 37.936], [12.67, 55.0, 54.33, 27.33, 59.0, 41.666], [24.33, 71.0, 48.0, 44.0, 12.0, 39.866], [6.0, 48.0, 76.0, 34.33, 38.67, 40.6], [3.67, 48.0, 69.67, 37.67, 40.33, 39.867999999999995], [23.0, 55.0, 51.67, 13.0, 28.67, 34.26800000000001], [7.33, 47.67, 68.67, 33.0, 27.67, 36.86800000000001], [25.33, 58.67, 60.33, 26.67, 18.67, 37.934000000000005], [10.0, 54.33, 68.67, 18.0, 26.0, 35.4], [23.0, 70.33, 41.0, 21.0, 34.0, 37.866]], "test_acc": [0.6206666666666667, 0.5833333333333334, 0.6013333333333334, 0.594, 0.6013333333333334, 0.6573333333333333, 0.6313333333333333, 0.6206666666666667, 0.646, 0.6213333333333333], "sel_per_cls": [[0, 0, 0, 1, 0, 29], [0, 0, 0, 0, 0, 30], [0, 1, 0, 0, 0, 29], [1, 0, 0, 0, 2, 27], [0, 1, 3, 0, 0, 26], [3, 1, 1, 0, 0, 25], [1, 2, 1, 0, 0, 26], [1, 2, 2, 0, 0, 25], [2, 3, 6, 0, 0, 19]], "sel_cls_idx": [0, 1, 2, 3, 4], "all_val_class_acc": [[10.0, 90.0, 60.0, 0.0, 10.0, 34.0], [0.0, 70.0, 70.0, 18.18, 40.0, 39.636], [10.0, 80.0, 50.0, 36.36, 10.0, 37.272000000000006], [10.0, 54.55, 90.0, 18.18, 30.0, 40.54600000000001], [9.09, 45.45, 90.0, 36.36, 33.33, 42.846000000000004], [9.09, 58.33, 38.46, 18.18, 0.0, 24.812], [7.14, 53.85, 64.29, 0.0, 8.33, 26.722], [6.67, 40.0, 26.67, 18.18, 0.0, 18.304000000000002], [6.25, 29.41, 35.29, 27.27, 16.67, 22.977999999999998], [5.56, 40.0, 4.35, 9.09, 8.33, 13.466]]}