{"dataset": "organmnist", "feature": "ood", "sel_func": "fl1mi", "sel_budget": 70, "num_selections": 10, "model": "ResNet18", "learning_rate": 0.01, "setting": {"num_cls_idc": 11, "per_idc_train": 10, "per_idc_val": 10, "per_idc_lake": 100, "per_ood_train": 0, "per_ood_val": 0, "per_ood_lake": 8000}, "all_class_acc": [[20.0, 30.67, 47.0, 18.0, 93.0, 60.67, 52.33, 14.67, 17.33, 62.0, 83.33, 45.36363636363637], [33.33, 29.67, 25.33, 18.0, 68.33, 65.0, 10.0, 28.67, 21.67, 86.0, 60.33, 40.57545454545454], [14.33, 39.33, 24.33, 15.67, 34.33, 86.0, 40.67, 18.0, 10.67, 57.0, 52.67, 35.727272727272734], [10.67, 13.0, 20.0, 19.0, 37.33, 73.33, 32.0, 13.33, 2.0, 38.67, 60.0, 29.029999999999998], [16.33, 10.67, 17.33, 24.67, 52.0, 77.33, 3.33, 7.67, 17.33, 49.33, 47.33, 29.392727272727267], [14.33, 5.0, 21.0, 18.67, 54.67, 61.67, 11.33, 4.33, 16.33, 28.0, 35.0, 24.575454545454548], [16.0, 23.33, 15.0, 18.33, 60.67, 39.33, 27.0, 5.0, 2.33, 40.33, 21.0, 24.39272727272727], [20.0, 8.33, 21.0, 10.0, 57.67, 49.33, 20.0, 3.0, 8.33, 40.0, 35.67, 24.848181818181818], [21.33, 25.0, 19.0, 14.33, 48.0, 32.67, 8.67, 6.67, 15.33, 31.67, 30.0, 22.969999999999995], [16.67, 21.33, 21.33, 14.67, 36.33, 40.67, 24.67, 14.67, 4.67, 34.0, 41.67, 24.60727272727273]], "test_acc": [0.5463636363636364, 0.5942424242424242, 0.6427272727272727, 0.7096969696969697, 0.706060606060606, 0.7542424242424243, 0.7560606060606061, 0.7515151515151515, 0.7703030303030303, 0.7539393939393939], "sel_per_cls": [[1, 2, 1, 4, 2, 3, 4, 2, 3, 3, 2, 43], [5, 6, 4, 6, 4, 6, 6, 8, 7, 8, 8, 2], [7, 7, 6, 6, 5, 4, 8, 6, 6, 4, 11, 0], [7, 6, 6, 6, 5, 8, 8, 5, 3, 6, 9, 1], [6, 8, 5, 6, 4, 6, 12, 5, 5, 5, 6, 2], [7, 7, 5, 5, 4, 7, 7, 5, 5, 6, 7, 5], [8, 6, 6, 6, 8, 8, 4, 6, 8, 6, 3, 1], [9, 6, 6, 5, 5, 9, 5, 7, 3, 5, 6, 4], [8, 5, 6, 5, 7, 6, 7, 7, 4, 7, 7, 1]], "sel_cls_idx": [0, 1, 2, 3, 4, 5, 6, 7, 8, 9, 10], "all_val_class_acc": [[10.0, 0.0, 50.0, 10.0, 90.0, 50.0, 30.0, 0.0, 0.0, 70.0, 50.0, 32.72727272727273], [27.27, 0.0, 45.45, 7.14, 33.33, 46.15, 0.0, 16.67, 0.0, 53.85, 33.33, 23.926363636363636], [6.25, 5.56, 20.0, 0.0, 37.5, 31.58, 10.0, 0.0, 0.0, 23.81, 5.0, 12.7], [8.7, 0.0, 19.05, 3.85, 14.29, 21.74, 7.14, 0.0, 0.0, 8.0, 9.68, 8.404545454545454], [3.33, 0.0, 14.81, 3.12, 19.23, 19.35, 0.0, 0.0, 3.45, 6.45, 2.5, 6.567272727272728], [2.78, 0.0, 12.5, 2.63, 23.33, 10.81, 0.0, 0.0, 0.0, 2.78, 4.35, 5.38], [2.33, 0.0, 8.11, 2.33, 17.65, 9.09, 1.82, 0.0, 0.0, 2.38, 0.0, 3.9736363636363636], [1.96, 0.0, 6.98, 2.04, 14.29, 5.77, 0.0, 0.0, 0.0, 8.33, 0.0, 3.5790909090909087], [1.67, 0.0, 4.08, 1.85, 10.64, 4.92, 0.0, 0.0, 0.0, 1.89, 0.0, 2.277272727272728], [1.47, 0.0, 5.45, 1.69, 7.41, 7.46, 2.82, 0.0, 0.0, 5.0, 4.35, 3.2409090909090907]]}