{"dataset": "organmnist", "feature": "ood", "sel_func": "fl2mi", "sel_budget": 30, "num_selections": 10, "model": "ResNet18", "learning_rate": 0.01, "setting": {"num_cls_idc": 5, "per_idc_train": 15, "per_idc_val": 10, "per_idc_lake": 50, "per_ood_train": 0, "per_ood_val": 0, "per_ood_lake": 8000}, "all_class_acc": [[28.67, 58.67, 51.67, 24.0, 26.67, 37.936], [27.0, 60.0, 50.33, 18.67, 35.33, 38.266], [43.33, 45.33, 68.67, 14.0, 33.0, 40.866], [18.33, 73.0, 41.67, 55.33, 41.33, 45.931999999999995], [27.67, 67.67, 53.0, 49.0, 70.33, 53.534000000000006], [17.0, 46.33, 59.67, 53.33, 73.33, 49.931999999999995], [29.0, 41.0, 72.33, 39.67, 67.0, 49.8], [25.0, 63.0, 52.0, 27.33, 38.33, 41.13199999999999], [21.0, 63.67, 60.67, 27.67, 52.0, 45.001999999999995], [33.0, 56.67, 53.33, 40.33, 78.0, 52.266]], "test_acc": [0.6206666666666667, 0.6173333333333333, 0.5913333333333334, 0.5406666666666666, 0.4646666666666667, 0.5006666666666667, 0.502, 0.5886666666666667, 0.55, 0.47733333333333333], "sel_per_cls": [[0, 4, 2, 4, 0, 20], [1, 1, 3, 3, 0, 22], [3, 1, 4, 1, 2, 19], [1, 2, 6, 2, 0, 19], [2, 1, 4, 3, 0, 20], [0, 2, 3, 2, 0, 23], [1, 3, 0, 2, 0, 24], [1, 2, 1, 3, 0, 23], [2, 0, 2, 6, 0, 20]], "sel_cls_idx": [0, 1, 2, 3, 4], "all_val_class_acc": [[10.0, 90.0, 60.0, 0.0, 10.0, 34.0], [20.0, 50.0, 33.33, 7.14, 10.0, 24.094], [36.36, 40.0, 46.67, 5.88, 20.0, 29.782], [7.14, 56.25, 26.32, 22.22, 8.33, 24.052], [26.67, 50.0, 16.0, 20.0, 41.67, 30.868000000000002], [17.65, 21.05, 27.59, 17.39, 33.33, 23.402], [11.76, 19.05, 25.0, 16.0, 33.33, 21.028], [5.56, 37.5, 9.38, 14.81, 16.67, 16.784], [5.26, 26.92, 21.21, 13.33, 25.0, 18.344], [9.52, 19.23, 14.29, 11.11, 33.33, 17.496]]}