{"dataset": "organmnist", "feature": "ood", "sel_func": "fl2mi", "sel_budget": 30, "num_selections": 10, "model": "ResNet18", "learning_rate": 0.01, "setting": {"num_cls_idc": 11, "per_idc_train": 10, "per_idc_val": 10, "per_idc_lake": 150, "per_ood_train": 0, "per_ood_val": 0, "per_ood_lake": 8000}, "all_class_acc": [[48.33, 31.0, 22.33, 15.0, 70.0, 70.0, 45.33, 14.67, 16.0, 56.33, 85.67, 43.15090909090909], [13.33, 24.67, 39.33, 14.0, 88.0, 75.33, 57.0, 11.33, 10.0, 86.33, 70.67, 44.54454545454545], [16.33, 19.33, 35.33, 47.67, 83.67, 64.67, 64.33, 54.33, 31.0, 69.0, 44.33, 48.18090909090909], [17.0, 20.0, 38.33, 25.67, 44.67, 69.67, 54.67, 57.33, 10.67, 57.0, 65.33, 41.84909090909091], [10.67, 29.67, 22.33, 46.67, 66.0, 67.33, 35.67, 14.0, 38.0, 20.0, 61.0, 37.39454545454546], [18.0, 18.33, 14.0, 47.67, 36.33, 59.0, 43.0, 21.33, 30.67, 56.67, 62.33, 37.03], [19.0, 35.0, 15.33, 15.0, 50.0, 84.33, 25.67, 21.33, 7.33, 57.0, 50.0, 34.54454545454545], [11.0, 28.67, 26.33, 30.33, 42.33, 59.0, 17.67, 30.0, 7.0, 55.0, 63.0, 33.666363636363634], [18.33, 22.33, 14.33, 35.0, 60.0, 53.33, 18.67, 17.33, 9.33, 38.0, 49.33, 30.54363636363636], [13.33, 22.0, 19.33, 18.0, 28.67, 70.0, 24.33, 24.67, 12.33, 59.0, 63.0, 32.24181818181818]], "test_acc": [0.5684848484848485, 0.5545454545454546, 0.5181818181818182, 0.5815151515151515, 0.6260606060606061, 0.6296969696969696, 0.6545454545454545, 0.6633333333333333, 0.6945454545454546, 0.6775757575757576], "sel_per_cls": [[0, 2, 1, 2, 1, 2, 3, 2, 1, 1, 3, 12], [3, 4, 2, 2, 2, 2, 1, 2, 1, 3, 4, 4], [2, 3, 0, 3, 2, 1, 4, 2, 2, 1, 4, 6], [3, 2, 4, 2, 2, 1, 2, 1, 2, 3, 2, 6], [3, 1, 2, 2, 3, 1, 3, 1, 3, 1, 3, 7], [1, 2, 2, 3, 1, 1, 4, 1, 2, 2, 2, 9], [2, 1, 2, 2, 2, 3, 3, 4, 2, 2, 2, 5], [4, 4, 3, 2, 3, 1, 2, 1, 2, 1, 2, 5], [2, 2, 2, 2, 3, 3, 3, 2, 2, 2, 1, 6]], "sel_cls_idx": [0, 1, 2, 3, 4, 5, 6, 7, 8, 9, 10], "all_val_class_acc": [[30.0, 0.0, 40.0, 10.0, 100.0, 60.0, 50.0, 0.0, 10.0, 30.0, 100.0, 39.09090909090909], [20.0, 0.0, 54.55, 0.0, 72.73, 58.33, 38.46, 0.0, 0.0, 72.73, 38.46, 32.29636363636364], [15.38, 0.0, 46.15, 7.14, 53.85, 42.86, 42.86, 35.71, 8.33, 28.57, 11.76, 26.60090909090909], [26.67, 0.0, 46.15, 5.88, 13.33, 33.33, 11.11, 31.25, 0.0, 20.0, 23.81, 19.229999999999997], [5.56, 0.0, 23.53, 10.53, 17.65, 31.25, 10.0, 0.0, 0.0, 11.11, 13.04, 11.15181818181818], [9.52, 4.55, 10.53, 4.76, 20.0, 29.41, 13.04, 5.56, 5.26, 10.53, 7.69, 10.986363636363636], [4.55, 0.0, 9.52, 4.17, 9.52, 27.78, 3.7, 10.53, 0.0, 14.29, 10.71, 8.615454545454547], [4.17, 4.0, 13.04, 7.69, 21.74, 23.81, 3.33, 4.35, 0.0, 17.39, 16.67, 10.562727272727273], [3.57, 3.45, 11.54, 3.57, 15.38, 13.64, 3.12, 4.17, 0.0, 8.33, 12.5, 7.206363636363636], [3.33, 3.23, 10.71, 3.33, 6.9, 24.0, 2.86, 7.69, 0.0, 11.54, 3.03, 6.965454545454546]]}