{"dataset": "organmnist", "feature": "ood", "sel_func": "flmic", "sel_budget": 30, "num_selections": 10, "model": "ResNet18", "learning_rate": 0.01, "setting": {"num_cls_idc": 11, "per_idc_train": 10, "per_idc_val": 0, "per_idc_lake": 150, "per_ood_train": 0, "per_ood_val": 1, "per_ood_lake": 1000}, "all_class_acc": [[22.67, 25.0, 42.0, 31.67, 55.0, 91.0, 28.33, 31.67, 47.33, 72.0, 83.0, 48.151818181818186], [9.67, 26.0, 58.0, 29.33, 70.33, 80.67, 15.67, 28.33, 20.33, 82.0, 59.33, 43.60545454545454], [23.0, 47.0, 42.0, 31.67, 46.67, 50.33, 44.67, 29.0, 36.0, 78.0, 88.0, 46.940000000000005], [15.33, 38.33, 26.67, 17.33, 61.33, 70.67, 52.0, 20.33, 16.67, 89.33, 79.0, 44.27181818181818], [7.67, 44.33, 35.33, 20.67, 60.33, 63.0, 48.0, 38.67, 14.33, 72.67, 78.33, 43.93909090909091], [12.0, 28.0, 40.33, 30.33, 59.67, 70.0, 6.0, 25.33, 42.33, 96.67, 75.0, 44.15090909090909], [25.0, 40.67, 55.0, 21.33, 69.0, 66.33, 35.67, 13.33, 46.67, 77.33, 73.0, 47.57545454545454], [18.33, 28.33, 35.33, 14.0, 74.0, 59.67, 50.33, 24.33, 48.33, 84.33, 46.0, 43.907272727272726], [7.0, 28.33, 29.33, 28.67, 83.33, 55.67, 58.67, 25.0, 70.0, 58.0, 60.33, 45.848181818181814], [21.33, 24.67, 48.0, 22.33, 61.0, 87.67, 25.33, 46.0, 7.0, 47.67, 75.0, 42.36363636363637]], "test_acc": [0.5184848484848484, 0.563939393939394, 0.5306060606060606, 0.5572727272727273, 0.5606060606060606, 0.5584848484848485, 0.5242424242424243, 0.5609090909090909, 0.5415151515151515, 0.5763636363636364], "sel_per_cls": [[0, 0, 0, 0, 0, 0, 0, 0, 0, 0, 0, 30], [0, 0, 0, 0, 0, 0, 0, 0, 0, 0, 0, 30], [0, 0, 0, 0, 0, 0, 0, 0, 0, 0, 0, 30], [0, 0, 0, 0, 0, 0, 0, 0, 0, 0, 0, 30], [0, 0, 0, 0, 0, 0, 0, 0, 0, 0, 0, 30], [0, 0, 0, 0, 0, 0, 0, 0, 0, 0, 0, 30], [0, 0, 0, 0, 0, 0, 0, 0, 0, 0, 0, 30], [0, 0, 0, 0, 0, 0, 0, 0, 0, 0, 0, 30], [0, 0, 0, 0, 0, 0, 0, 0, 0, 0, 0, 30]], "sel_cls_idx": [0, 1, 2, 3, 4, 5, 6, 7, 8, 9, 10], "all_val_class_acc": [[0, 0, 0, 0, 0, 0, 0, 0, 0, 0, 0, 0.0], [0, 0, 0, 0, 0, 0, 0, 0, 0, 0, 0, 0.0], [0, 0, 0, 0, 0, 0, 0, 0, 0, 0, 0, 0.0], [0, 0, 0, 0, 0, 0, 0, 0, 0, 0, 0, 0.0], [0, 0, 0, 0, 0, 0, 0, 0, 0, 0, 0, 0.0], [0, 0, 0, 0, 0, 0, 0, 0, 0, 0, 0, 0.0], [0, 0, 0, 0, 0, 0, 0, 0, 0, 0, 0, 0.0], [0, 0, 0, 0, 0, 0, 0, 0, 0, 0, 0, 0.0], [0, 0, 0, 0, 0, 0, 0, 0, 0, 0, 0, 0.0], [0, 0, 0, 0, 0, 0, 0, 0, 0, 0, 0, 0.0]]}