{"dataset": "organmnist", "feature": "ood", "sel_func": "flmic", "sel_budget": 30, "num_selections": 10, "model": "ResNet18", "learning_rate": 0.01, "setting": {"num_cls_idc": 5, "per_idc_train": 10, "per_idc_val": 0, "per_idc_lake": 150, "per_ood_train": 0, "per_ood_val": 1, "per_ood_lake": 1000}, "all_class_acc": [[21.0, 31.33, 13.0, 26.33, 29.33, 24.198], [33.0, 26.67, 39.67, 17.67, 29.0, 29.201999999999998], [18.67, 30.0, 11.67, 7.67, 56.33, 24.868000000000002], [24.33, 52.0, 7.67, 4.67, 43.0, 26.334000000000003], [13.33, 33.0, 13.33, 1.67, 73.67, 27.0], [14.0, 41.67, 12.33, 16.33, 31.33, 23.131999999999998], [12.33, 47.0, 24.33, 18.67, 32.33, 26.932], [12.33, 28.67, 60.67, 31.0, 45.67, 35.668000000000006], [19.67, 51.33, 5.67, 6.67, 45.33, 25.734], [14.0, 26.67, 61.33, 4.67, 56.33, 32.6]], "test_acc": [0.758, 0.708, 0.7513333333333333, 0.7366666666666667, 0.73, 0.7686666666666667, 0.7306666666666667, 0.6433333333333333, 0.7426666666666667, 0.674], "sel_per_cls": [[0, 0, 0, 0, 0, 30], [0, 0, 0, 0, 0, 30], [0, 0, 0, 0, 0, 30], [0, 0, 0, 0, 0, 30], [0, 0, 0, 0, 0, 30], [0, 0, 0, 1, 0, 29], [0, 0, 0, 0, 0, 30], [0, 0, 0, 1, 0, 29], [0, 0, 0, 0, 0, 30]], "sel_cls_idx": [0, 1, 2, 3, 4], "all_val_class_acc": [[0, 0, 0, 0, 0, 0.0], [0, 0, 0, 0, 0, 0.0], [0, 0, 0, 0, 0, 0.0], [0, 0, 0, 0, 0, 0.0], [0, 0, 0, 0, 0, 0.0], [0, 0, 0, 0, 0, 0.0], [0, 0, 0, 0, 0, 0.0], [0, 0, 0, 0, 0, 0.0], [0, 0, 0, 0, 0, 0.0], [0, 0, 0, 0, 0, 0.0]]}