{"dataset": "organmnist", "feature": "ood", "sel_func": "gcmi", "sel_budget": 30, "num_selections": 10, "model": "ResNet18", "learning_rate": 0.01, "setting": {"num_cls_idc": 5, "per_idc_train": 15, "per_idc_val": 10, "per_idc_lake": 50, "per_ood_train": 0, "per_ood_val": 0, "per_ood_lake": 8000}, "all_class_acc": [[28.67, 58.67, 51.67, 24.0, 26.67, 37.936], [63.67, 59.33, 52.67, 14.67, 34.0, 44.868], [32.0, 72.67, 35.67, 12.67, 62.33, 43.068], [30.0, 65.33, 58.67, 16.67, 53.67, 44.86800000000001], [42.33, 85.0, 31.33, 34.33, 48.33, 48.263999999999996], [87.67, 46.33, 53.67, 26.0, 61.67, 55.068000000000005], [37.67, 43.33, 71.33, 27.67, 38.33, 43.666], [40.67, 45.67, 64.33, 19.33, 50.67, 44.134], [52.67, 51.33, 49.67, 16.0, 66.0, 47.134], [31.67, 72.0, 47.67, 21.0, 32.33, 40.934000000000005]], "test_acc": [0.6206666666666667, 0.5513333333333333, 0.5693333333333334, 0.5513333333333333, 0.5173333333333333, 0.4493333333333333, 0.5633333333333334, 0.5586666666666666, 0.5286666666666666, 0.5906666666666667], "sel_per_cls": [[0, 0, 0, 0, 1, 29], [2, 0, 1, 0, 0, 27], [2, 0, 0, 0, 0, 28], [0, 0, 0, 0, 1, 29], [0, 0, 0, 1, 0, 29], [0, 0, 0, 0, 1, 29], [0, 0, 0, 1, 1, 28], [1, 0, 0, 6, 1, 22], [0, 0, 0, 4, 2, 24]], "sel_cls_idx": [0, 1, 2, 3, 4], "all_val_class_acc": [[10.0, 90.0, 60.0, 0.0, 10.0, 34.0], [70.0, 80.0, 10.0, 10.0, 18.18, 37.636], [16.67, 80.0, 27.27, 0.0, 45.45, 33.878], [21.43, 80.0, 72.73, 0.0, 18.18, 38.468], [64.29, 100.0, 9.09, 40.0, 33.33, 49.342000000000006], [64.29, 70.0, 36.36, 0.0, 25.0, 39.13000000000001], [21.43, 60.0, 63.64, 9.09, 0.0, 30.832], [7.14, 70.0, 63.64, 8.33, 14.29, 32.68], [46.67, 80.0, 45.45, 5.56, 33.33, 42.202], [33.33, 90.0, 45.45, 9.09, 11.76, 37.926]]}