{"dataset": "organmnist", "feature": "ood", "sel_func": "gcmi", "sel_budget": 30, "num_selections": 10, "model": "ResNet18", "learning_rate": 0.01, "setting": {"num_cls_idc": 11, "per_idc_train": 10, "per_idc_val": 10, "per_idc_lake": 150, "per_ood_train": 0, "per_ood_val": 0, "per_ood_lake": 8000}, "all_class_acc": [[48.33, 31.0, 22.33, 15.0, 70.0, 70.0, 45.33, 14.67, 16.0, 56.33, 85.67, 43.15090909090909], [10.33, 40.67, 16.0, 17.0, 92.67, 96.67, 55.33, 14.67, 9.67, 67.33, 67.33, 44.333636363636366], [27.67, 31.67, 22.0, 19.67, 80.0, 82.0, 27.0, 25.67, 13.67, 29.0, 43.0, 36.48636363636364], [17.0, 37.33, 44.67, 29.0, 80.33, 33.67, 39.33, 49.67, 13.0, 38.33, 83.0, 42.302727272727275], [5.0, 39.33, 45.33, 35.67, 71.0, 61.0, 41.33, 19.33, 38.33, 61.33, 54.33, 42.90727272727272], [21.0, 35.67, 44.0, 25.33, 38.67, 84.0, 23.67, 18.0, 26.33, 54.0, 71.33, 40.18181818181818], [19.0, 36.67, 18.67, 12.0, 85.33, 76.33, 24.0, 9.33, 2.33, 86.33, 49.67, 38.15090909090909], [9.67, 32.0, 48.67, 25.67, 56.33, 86.33, 12.33, 10.0, 7.67, 82.33, 58.33, 39.03], [11.33, 39.67, 15.0, 9.67, 50.67, 72.67, 15.0, 15.33, 6.67, 76.33, 68.0, 34.57636363636363], [17.0, 28.67, 69.0, 13.33, 61.67, 62.67, 24.67, 16.67, 1.67, 70.67, 59.33, 38.66818181818183]], "test_acc": [0.5684848484848485, 0.5566666666666666, 0.6351515151515151, 0.576969696969697, 0.5709090909090909, 0.5981818181818181, 0.6184848484848485, 0.6096969696969697, 0.6542424242424243, 0.6133333333333333], "sel_per_cls": [[2, 0, 0, 0, 0, 0, 0, 0, 0, 0, 0, 28], [2, 0, 0, 0, 2, 2, 23, 0, 0, 0, 0, 1], [0, 0, 0, 2, 0, 0, 0, 8, 0, 0, 0, 20], [0, 0, 0, 5, 0, 0, 11, 1, 3, 0, 1, 9], [0, 0, 0, 0, 0, 0, 0, 4, 16, 0, 0, 10], [10, 0, 1, 2, 1, 1, 0, 1, 10, 0, 0, 4], [0, 0, 0, 12, 0, 0, 0, 0, 0, 0, 0, 18], [0, 0, 0, 21, 0, 0, 0, 0, 0, 0, 0, 9], [0, 0, 0, 30, 0, 0, 0, 0, 0, 0, 0, 0]], "sel_cls_idx": [0, 1, 2, 3, 4, 5, 6, 7, 8, 9, 10], "all_val_class_acc": [[30.0, 0.0, 40.0, 10.0, 100.0, 60.0, 50.0, 0.0, 10.0, 30.0, 100.0, 39.09090909090909], [8.33, 20.0, 30.0, 10.0, 90.0, 80.0, 40.0, 10.0, 0.0, 60.0, 40.0, 35.302727272727275], [28.57, 10.0, 30.0, 10.0, 83.33, 50.0, 9.09, 30.0, 10.0, 10.0, 30.0, 27.362727272727273], [21.43, 10.0, 70.0, 8.33, 66.67, 8.33, 9.09, 11.11, 10.0, 30.0, 50.0, 26.814545454545456], [7.14, 0.0, 60.0, 11.76, 75.0, 33.33, 9.09, 10.53, 7.69, 40.0, 36.36, 26.44545454545455], [7.14, 0.0, 70.0, 5.88, 16.67, 50.0, 6.82, 4.35, 0.0, 20.0, 36.36, 19.747272727272726], [12.5, 0.0, 36.36, 5.26, 69.23, 46.15, 4.55, 4.17, 0.0, 80.0, 18.18, 25.12727272727273], [12.5, 0.0, 54.55, 3.23, 53.85, 53.85, 2.27, 0.0, 0.0, 80.0, 18.18, 25.311818181818182], [4.17, 0.0, 45.45, 1.92, 53.85, 38.46, 6.82, 8.33, 0.0, 60.0, 9.09, 20.735454545454548], [12.5, 0.0, 63.64, 0.0, 46.15, 46.15, 4.55, 12.5, 0.0, 50.0, 36.36, 24.713636363636365]]}