{"dataset": "organmnist", "feature": "ood", "sel_func": "fl1mi", "sel_budget": 30, "num_selections": 10, "model": "ResNet18", "learning_rate": 0.01, "setting": {"num_cls_idc": 11, "per_idc_train": 10, "per_idc_val": 10, "per_idc_lake": 150, "per_ood_train": 0, "per_ood_val": 0, "per_ood_lake": 8000}, "all_class_acc": [[48.33, 31.0, 22.33, 15.0, 70.0, 70.0, 45.33, 14.67, 16.0, 56.33, 85.67, 43.15090909090909], [36.0, 30.0, 32.33, 15.0, 66.67, 69.0, 66.0, 28.0, 9.0, 37.0, 70.67, 41.78818181818182], [20.67, 38.0, 17.33, 3.33, 89.0, 45.33, 62.67, 41.67, 10.67, 78.33, 66.33, 43.03], [15.0, 38.67, 16.33, 9.67, 57.67, 64.67, 44.67, 31.33, 23.0, 34.33, 61.0, 36.03090909090909], [18.33, 30.33, 18.67, 12.0, 53.0, 74.0, 28.33, 25.0, 7.0, 90.0, 75.0, 39.24181818181818], [25.67, 40.0, 6.33, 19.33, 83.67, 56.67, 47.0, 15.0, 8.0, 38.33, 55.33, 35.93909090909091], [35.0, 26.33, 19.67, 12.67, 63.67, 33.67, 36.67, 13.0, 6.0, 57.67, 60.67, 33.18363636363637], [41.0, 23.67, 11.67, 13.67, 77.33, 56.67, 33.33, 17.33, 7.33, 39.67, 63.0, 34.97], [21.33, 32.33, 10.33, 22.67, 64.33, 60.67, 36.67, 16.67, 3.33, 36.0, 62.33, 33.332727272727276], [18.0, 27.33, 21.0, 10.33, 63.33, 30.67, 40.33, 26.0, 13.67, 30.33, 55.67, 30.60545454545455]], "test_acc": [0.5684848484848485, 0.5821212121212122, 0.5696969696969697, 0.6396969696969697, 0.6075757575757575, 0.6406060606060606, 0.6681818181818182, 0.6503030303030303, 0.6666666666666666, 0.693939393939394], "sel_per_cls": [[0, 1, 4, 3, 0, 0, 2, 2, 1, 0, 3, 14], [2, 1, 3, 3, 1, 4, 1, 1, 2, 1, 1, 10], [1, 2, 1, 4, 2, 0, 1, 1, 2, 1, 1, 14], [2, 2, 1, 4, 3, 1, 4, 1, 2, 1, 3, 6], [1, 4, 2, 2, 1, 2, 3, 3, 2, 1, 0, 9], [1, 2, 3, 2, 1, 4, 2, 2, 2, 2, 0, 9], [2, 2, 2, 3, 2, 6, 0, 2, 1, 1, 2, 7], [2, 2, 2, 3, 1, 1, 3, 2, 3, 2, 2, 7], [3, 1, 1, 2, 1, 1, 5, 3, 3, 3, 2, 5]], "sel_cls_idx": [0, 1, 2, 3, 4, 5, 6, 7, 8, 9, 10], "all_val_class_acc": [[30.0, 0.0, 40.0, 10.0, 100.0, 60.0, 50.0, 0.0, 10.0, 30.0, 100.0, 39.09090909090909], [20.0, 0.0, 35.71, 15.38, 60.0, 50.0, 50.0, 16.67, 0.0, 20.0, 30.77, 27.139090909090907], [8.33, 8.33, 23.53, 6.25, 81.82, 42.86, 38.46, 30.77, 0.0, 63.64, 42.86, 31.531818181818185], [7.69, 7.14, 5.56, 5.0, 38.46, 42.86, 28.57, 21.43, 0.0, 16.67, 26.67, 18.186363636363637], [13.33, 0.0, 36.84, 4.17, 43.75, 46.67, 11.11, 13.33, 0.0, 69.23, 27.78, 24.200909090909093], [12.5, 5.0, 4.76, 3.85, 58.82, 35.29, 19.05, 5.56, 0.0, 14.29, 22.22, 16.485454545454544], [23.53, 0.0, 8.33, 3.57, 38.89, 9.52, 17.39, 0.0, 0.0, 12.5, 16.67, 11.854545454545452], [5.26, 0.0, 15.38, 3.23, 40.0, 18.52, 13.04, 13.64, 0.0, 5.88, 20.0, 12.268181818181818], [4.76, 0.0, 7.14, 2.94, 38.1, 17.86, 15.38, 0.0, 0.0, 5.26, 13.64, 9.552727272727273], [8.33, 0.0, 3.45, 0.0, 22.73, 6.9, 9.68, 7.41, 0.0, 4.55, 12.5, 6.868181818181818]]}