{"dataset": "organmnist", "feature": "ood", "sel_func": "fl1mi", "sel_budget": 30, "num_selections": 10, "model": "ResNet18", "learning_rate": 0.01, "setting": {"num_cls_idc": 5, "per_idc_train": 15, "per_idc_val": 10, "per_idc_lake": 50, "per_ood_train": 0, "per_ood_val": 0, "per_ood_lake": 8000}, "all_class_acc": [[28.67, 58.67, 51.67, 24.0, 26.67, 37.936], [42.67, 66.67, 34.67, 52.0, 79.67, 55.136], [35.67, 42.33, 67.33, 20.0, 27.33, 38.532], [50.33, 58.0, 57.33, 15.67, 70.33, 50.331999999999994], [29.0, 75.0, 29.67, 32.67, 67.67, 46.80200000000001], [34.67, 47.0, 62.33, 38.67, 49.33, 46.4], [29.33, 41.33, 63.33, 14.33, 38.0, 37.264], [25.67, 64.33, 39.33, 56.67, 46.0, 46.4], [38.33, 55.0, 49.67, 38.0, 63.0, 48.8], [39.67, 45.67, 63.0, 37.33, 51.0, 47.334]], "test_acc": [0.6206666666666667, 0.44866666666666666, 0.6146666666666667, 0.49666666666666665, 0.532, 0.536, 0.6273333333333333, 0.536, 0.512, 0.5266666666666666], "sel_per_cls": [[1, 0, 1, 2, 1, 25], [0, 0, 1, 0, 0, 29], [1, 2, 0, 1, 0, 26], [0, 0, 0, 0, 0, 30], [1, 2, 2, 2, 0, 23], [0, 3, 0, 3, 0, 24], [2, 1, 6, 3, 0, 18], [0, 2, 2, 4, 1, 21], [1, 2, 3, 3, 0, 21]], "sel_cls_idx": [0, 1, 2, 3, 4], "all_val_class_acc": [[10.0, 90.0, 60.0, 0.0, 10.0, 34.0], [45.45, 80.0, 36.36, 33.33, 54.55, 49.938], [27.27, 50.0, 66.67, 16.67, 18.18, 35.758], [50.0, 58.33, 66.67, 0.0, 63.64, 47.727999999999994], [8.33, 75.0, 8.33, 30.77, 27.27, 29.939999999999998], [38.46, 42.86, 57.14, 26.67, 27.27, 38.480000000000004], [23.08, 29.41, 50.0, 11.11, 18.18, 26.356], [6.67, 44.44, 15.0, 23.81, 18.18, 21.619999999999997], [26.67, 35.0, 27.27, 16.0, 25.0, 25.988], [18.75, 31.82, 12.0, 14.29, 16.67, 18.706]]}