{"dataset": "organmnist", "feature": "ood", "sel_func": "badge", "sel_budget": 70, "num_selections": 10, "model": "ResNet18", "learning_rate": 0.01, "setting": {"num_cls_idc": 11, "per_idc_train": 10, "per_idc_val": 10, "per_idc_lake": 100, "per_ood_train": 0, "per_ood_val": 0, "per_ood_lake": 8000}, "all_class_acc": [[20.0, 30.67, 47.0, 18.0, 93.0, 60.67, 52.33, 14.67, 17.33, 62.0, 83.33, 45.36363636363637], [12.67, 25.67, 43.67, 35.0, 73.67, 66.33, 51.67, 31.67, 14.67, 62.0, 51.33, 42.57727272727273], [43.67, 40.67, 35.0, 21.33, 80.0, 33.67, 39.0, 14.67, 4.67, 39.67, 80.0, 39.30454545454546], [24.67, 40.33, 23.67, 44.67, 61.67, 66.0, 23.33, 13.0, 40.0, 16.0, 37.33, 35.51545454545454], [25.67, 25.33, 20.33, 22.33, 23.33, 83.67, 11.33, 10.67, 5.0, 25.0, 61.0, 28.514545454545452], [25.0, 21.67, 12.67, 11.0, 30.33, 74.33, 15.0, 10.0, 4.33, 70.0, 79.67, 32.18181818181819], [31.0, 21.0, 18.0, 11.0, 44.33, 52.0, 28.0, 7.33, 4.33, 14.33, 37.33, 24.422727272727276], [23.67, 23.67, 26.0, 10.33, 48.0, 48.33, 19.0, 7.0, 1.0, 23.67, 25.67, 23.303636363636368], [16.33, 6.67, 22.0, 16.0, 49.0, 40.33, 43.0, 9.0, 11.0, 30.33, 16.0, 23.605454545454542], [11.67, 19.0, 13.0, 20.33, 39.0, 50.33, 9.0, 3.67, 1.33, 14.0, 43.33, 20.423636363636362]], "test_acc": [0.5463636363636364, 0.5742424242424242, 0.6069696969696969, 0.6448484848484849, 0.7148484848484848, 0.6781818181818182, 0.7557575757575757, 0.766969696969697, 0.7639393939393939, 0.7957575757575758], "sel_per_cls": [[1, 1, 1, 0, 1, 0, 2, 1, 2, 2, 4, 55], [1, 1, 4, 2, 10, 11, 7, 5, 3, 5, 0, 21], [7, 4, 5, 3, 9, 8, 8, 2, 2, 10, 8, 4], [2, 5, 3, 5, 5, 7, 7, 1, 6, 1, 7, 21], [7, 8, 4, 0, 5, 13, 3, 6, 0, 4, 4, 16], [5, 3, 2, 1, 7, 10, 1, 5, 3, 17, 11, 5], [3, 6, 2, 2, 8, 6, 8, 1, 2, 4, 7, 21], [4, 8, 6, 2, 9, 4, 1, 6, 2, 7, 7, 14], [3, 2, 8, 6, 5, 8, 8, 1, 9, 7, 1, 12]], "sel_cls_idx": [0, 1, 2, 3, 4, 5, 6, 7, 8, 9, 10], "all_val_class_acc": [[10.0, 0.0, 50.0, 10.0, 90.0, 50.0, 30.0, 0.0, 0.0, 70.0, 50.0, 32.72727272727273], [9.09, 0.0, 54.55, 10.0, 63.64, 50.0, 25.0, 27.27, 0.0, 33.33, 21.43, 26.755454545454544], [16.67, 33.33, 13.33, 16.67, 38.1, 14.29, 26.32, 0.0, 0.0, 23.53, 42.86, 20.46363636363636], [10.53, 6.25, 25.0, 13.33, 16.67, 17.24, 14.81, 5.56, 5.88, 7.41, 4.55, 11.566363636363635], [9.52, 4.76, 8.7, 5.0, 5.71, 22.22, 2.94, 0.0, 0.0, 7.14, 6.9, 6.626363636363636], [3.57, 0.0, 7.41, 5.0, 7.5, 12.24, 2.7, 4.0, 0.0, 18.75, 27.27, 8.04], [6.06, 0.0, 10.34, 4.76, 10.64, 8.47, 2.63, 0.0, 0.0, 2.04, 6.82, 4.705454545454545], [0.0, 7.89, 6.45, 4.35, 5.45, 4.62, 0.0, 0.0, 0.0, 1.89, 5.88, 3.320909090909091], [5.0, 0.0, 8.11, 0.0, 3.12, 4.35, 6.38, 0.0, 0.0, 3.33, 1.72, 2.9099999999999997], [2.33, 0.0, 6.67, 3.23, 5.8, 5.19, 1.82, 0.0, 0.0, 1.49, 10.17, 3.3363636363636364]]}