{"dataset": "organmnist", "feature": "ood", "sel_func": "flmic", "sel_budget": 30, "num_selections": 10, "model": "ResNet18", "learning_rate": 0.01, "setting": {"num_cls_idc": 11, "per_idc_train": 10, "per_idc_val": 10, "per_idc_lake": 150, "per_ood_train": 0, "per_ood_val": 0, "per_ood_lake": 8000}, "all_class_acc": [[48.33, 31.0, 22.33, 15.0, 70.0, 70.0, 45.33, 14.67, 16.0, 56.33, 85.67, 43.15090909090909], [24.67, 34.33, 26.67, 33.33, 85.33, 69.67, 54.67, 46.33, 9.0, 18.33, 57.33, 41.78727272727272], [30.0, 46.33, 31.0, 14.0, 69.67, 54.67, 29.0, 23.33, 11.33, 77.33, 46.0, 39.33272727272727], [3.67, 37.33, 27.67, 37.33, 67.67, 64.33, 26.33, 33.0, 62.33, 63.0, 78.67, 45.57545454545454], [10.67, 32.0, 25.0, 17.0, 82.33, 64.33, 39.0, 25.67, 0.67, 82.0, 52.33, 39.18181818181818], [30.33, 29.67, 9.33, 25.0, 52.33, 57.33, 56.33, 46.0, 15.33, 41.33, 55.67, 38.059090909090905], [18.67, 38.0, 9.33, 44.0, 48.0, 71.0, 35.33, 47.67, 33.67, 25.0, 51.33, 38.36363636363637], [10.33, 46.0, 6.33, 33.33, 38.67, 79.33, 40.0, 32.0, 14.33, 69.0, 49.0, 38.02909090909091], [18.0, 31.33, 16.33, 12.0, 42.0, 60.67, 29.67, 29.0, 4.0, 70.0, 72.0, 35.0], [16.0, 20.67, 15.67, 18.67, 65.67, 65.0, 37.0, 35.0, 3.33, 55.0, 40.67, 33.88]], "test_acc": [0.5684848484848485, 0.5821212121212122, 0.6066666666666667, 0.5442424242424242, 0.6081818181818182, 0.6193939393939394, 0.6163636363636363, 0.6196969696969697, 0.65, 0.6612121212121213], "sel_per_cls": [[0, 0, 0, 0, 0, 0, 0, 0, 0, 0, 0, 30], [4, 2, 4, 3, 0, 1, 2, 2, 3, 2, 3, 4], [1, 3, 1, 3, 0, 1, 2, 2, 2, 3, 2, 10], [1, 4, 3, 3, 3, 2, 2, 2, 1, 2, 1, 6], [3, 3, 1, 3, 0, 0, 2, 2, 3, 1, 4, 8], [3, 2, 3, 3, 2, 2, 3, 1, 1, 3, 3, 4], [1, 1, 3, 4, 3, 1, 2, 1, 1, 1, 5, 7], [1, 3, 3, 2, 3, 1, 2, 2, 1, 3, 3, 6], [2, 3, 1, 2, 3, 3, 2, 3, 2, 1, 4, 4]], "sel_cls_idx": [0, 1, 2, 3, 4, 5, 6, 7, 8, 9, 10], "all_val_class_acc": [[30.0, 0.0, 40.0, 10.0, 100.0, 60.0, 50.0, 0.0, 10.0, 30.0, 100.0, 39.09090909090909], [20.0, 0.0, 50.0, 10.0, 90.0, 40.0, 50.0, 50.0, 0.0, 0.0, 40.0, 31.818181818181817], [14.29, 0.0, 35.71, 7.69, 80.0, 45.45, 33.33, 16.67, 0.0, 41.67, 15.38, 26.38090909090909], [13.33, 0.0, 26.67, 18.75, 80.0, 41.67, 28.57, 14.29, 6.67, 40.0, 46.67, 28.783636363636365], [6.25, 0.0, 33.33, 5.26, 76.92, 42.86, 25.0, 6.25, 0.0, 47.06, 18.75, 23.78909090909091], [15.79, 9.09, 15.79, 4.55, 46.15, 35.71, 27.78, 22.22, 0.0, 5.56, 15.0, 17.96727272727273], [9.09, 4.17, 22.73, 8.0, 40.0, 37.5, 14.29, 21.05, 0.0, 9.52, 13.04, 16.30818181818182], [8.7, 8.0, 8.0, 0.0, 27.78, 29.41, 13.04, 10.0, 0.0, 22.73, 10.71, 12.57909090909091], [4.17, 0.0, 14.29, 3.23, 9.52, 27.78, 12.0, 9.09, 0.0, 12.0, 16.13, 9.837272727272728], [3.85, 3.23, 10.34, 0.0, 25.0, 19.05, 11.11, 16.0, 0.0, 11.54, 8.57, 9.88090909090909]]}