{"dataset": "organmnist", "feature": "ood", "sel_func": "logdetcg", "sel_budget": 30, "num_selections": 10, "model": "ResNet18", "learning_rate": 0.01, "setting": {"num_cls_idc": 11, "per_idc_train": 10, "per_idc_val": 10, "per_idc_lake": 150, "per_ood_train": 0, "per_ood_val": 0, "per_ood_lake": 8000}, "all_class_acc": [[48.33, 31.0, 22.33, 15.0, 70.0, 70.0, 45.33, 14.67, 16.0, 56.33, 85.67, 43.15090909090909], [17.67, 25.33, 67.33, 11.33, 46.67, 75.0, 24.67, 23.0, 10.67, 42.33, 86.67, 39.151818181818186], [52.33, 35.33, 35.33, 11.33, 60.0, 65.67, 52.33, 22.0, 7.33, 49.67, 59.0, 40.93818181818182], [20.33, 28.0, 47.67, 34.33, 75.67, 65.67, 47.67, 29.33, 43.0, 24.33, 87.0, 45.72727272727273], [46.67, 32.67, 32.0, 12.33, 37.33, 76.67, 42.67, 29.33, 7.67, 37.67, 72.33, 38.84909090909091], [13.33, 42.33, 24.67, 21.0, 61.0, 54.67, 61.0, 21.0, 12.67, 18.33, 75.33, 36.848181818181814], [16.33, 29.33, 44.67, 44.67, 67.0, 64.0, 8.33, 11.67, 19.67, 58.0, 51.67, 37.75818181818182], [3.67, 25.67, 55.67, 15.67, 49.67, 55.67, 43.67, 22.67, 5.33, 46.0, 61.67, 35.03272727272728], [9.67, 28.0, 35.67, 12.0, 79.0, 68.33, 35.67, 20.33, 6.0, 44.33, 27.67, 33.333636363636366], [15.67, 39.0, 29.67, 20.33, 46.67, 42.33, 7.33, 22.33, 6.33, 72.33, 67.67, 33.605454545454556]], "test_acc": [0.5684848484848485, 0.6084848484848485, 0.5906060606060606, 0.5427272727272727, 0.6115151515151516, 0.6315151515151515, 0.6224242424242424, 0.6496969696969697, 0.6666666666666666, 0.6639393939393939], "sel_per_cls": [[1, 0, 1, 0, 0, 0, 0, 0, 0, 2, 0, 26], [1, 0, 0, 0, 0, 0, 0, 0, 0, 2, 2, 25], [3, 1, 1, 0, 2, 3, 2, 2, 1, 1, 2, 12], [2, 1, 0, 3, 1, 1, 3, 2, 4, 1, 1, 11], [3, 1, 0, 0, 0, 2, 4, 4, 1, 2, 2, 11], [0, 1, 0, 1, 4, 2, 5, 1, 3, 3, 3, 7], [1, 1, 1, 4, 4, 1, 1, 4, 3, 2, 4, 4], [1, 1, 0, 2, 2, 1, 6, 3, 1, 1, 5, 7], [4, 1, 1, 1, 2, 2, 2, 4, 2, 5, 3, 3]], "sel_cls_idx": [0, 1, 2, 3, 4, 5, 6, 7, 8, 9, 10], "all_val_class_acc": [[30.0, 0.0, 40.0, 10.0, 100.0, 60.0, 50.0, 0.0, 10.0, 30.0, 100.0, 39.09090909090909], [18.18, 0.0, 63.64, 10.0, 70.0, 50.0, 50.0, 20.0, 0.0, 25.0, 80.0, 35.165454545454544], [33.33, 0.0, 45.45, 10.0, 60.0, 50.0, 70.0, 30.0, 0.0, 35.71, 25.0, 32.68090909090909], [20.0, 0.0, 41.67, 10.0, 75.0, 46.15, 25.0, 25.0, 0.0, 6.67, 42.86, 26.577272727272728], [17.65, 0.0, 41.67, 7.69, 38.46, 35.71, 33.33, 14.29, 0.0, 18.75, 33.33, 21.89818181818182], [5.0, 23.08, 8.33, 7.69, 69.23, 25.0, 21.05, 11.11, 6.25, 0.0, 29.41, 18.740909090909092], [15.0, 7.14, 33.33, 21.43, 52.94, 33.33, 0.0, 0.0, 0.0, 14.29, 20.0, 17.950909090909093], [4.76, 0.0, 38.46, 5.56, 38.1, 26.32, 16.0, 0.0, 0.0, 17.39, 16.67, 14.841818181818182], [4.55, 0.0, 38.46, 5.0, 26.09, 20.0, 12.9, 7.69, 0.0, 16.67, 3.45, 12.255454545454546], [7.69, 0.0, 42.86, 4.76, 36.0, 13.64, 3.03, 10.0, 0.0, 24.14, 12.5, 14.056363636363637]]}