{"dataset": "organmnist", "feature": "ood", "sel_func": "logdetmic", "sel_budget": 30, "num_selections": 10, "model": "ResNet18", "learning_rate": 0.01, "setting": {"num_cls_idc": 5, "per_idc_train": 10, "per_idc_val": 0, "per_idc_lake": 150, "per_ood_train": 0, "per_ood_val": 1, "per_ood_lake": 1000}, "all_class_acc": [[21.0, 31.33, 13.0, 26.33, 29.33, 24.198], [16.33, 31.33, 36.0, 2.0, 36.67, 24.466], [10.0, 27.0, 45.0, 2.67, 42.0, 25.334], [23.33, 19.33, 43.67, 7.0, 24.33, 23.532], [22.33, 26.33, 36.0, 3.33, 50.67, 27.732], [4.33, 34.0, 29.0, 8.0, 45.67, 24.2], [10.0, 29.33, 32.0, 3.67, 18.0, 18.6], [20.67, 30.0, 19.0, 19.67, 9.0, 19.668], [23.33, 23.0, 52.67, 10.67, 12.67, 24.468], [22.0, 31.33, 33.0, 9.0, 13.33, 21.732]], "test_acc": [0.758, 0.7553333333333333, 0.7466666666666667, 0.7646666666666667, 0.7226666666666667, 0.758, 0.814, 0.8033333333333333, 0.7553333333333333, 0.7826666666666666], "sel_per_cls": [[0, 0, 0, 1, 6, 23], [3, 0, 0, 3, 3, 21], [1, 0, 0, 3, 2, 24], [0, 0, 0, 5, 3, 22], [3, 0, 0, 0, 3, 24], [0, 0, 0, 8, 1, 21], [1, 1, 0, 2, 0, 26], [0, 0, 1, 1, 3, 25], [1, 1, 0, 3, 1, 24]], "sel_cls_idx": [0, 1, 2, 3, 4], "all_val_class_acc": [[0, 0, 0, 0, 0, 0.0], [0, 0, 0, 0, 0, 0.0], [0, 0, 0, 0, 0, 0.0], [0, 0, 0, 0, 0, 0.0], [0, 0, 0, 0, 0, 0.0], [0, 0, 0, 0, 0, 0.0], [0, 0, 0, 0, 0, 0.0], [0, 0, 0, 0, 0, 0.0], [0, 0, 0, 0, 0, 0.0], [0, 0, 0, 0, 0, 0.0]]}