{"dataset": "organmnist", "feature": "ood", "sel_func": "random", "sel_budget": 30, "num_selections": 10, "model": "ResNet18", "learning_rate": 0.01, "setting": {"num_cls_idc": 5, "per_idc_train": 10, "per_idc_val": 0, "per_idc_lake": 150, "per_ood_train": 0, "per_ood_val": 1, "per_ood_lake": 1000}, "all_class_acc": [[21.0, 31.33, 13.0, 26.33, 29.33, 24.198], [31.33, 33.0, 28.67, 1.0, 42.33, 27.266], [69.33, 28.67, 29.0, 6.33, 10.33, 28.732000000000006], [38.0, 31.0, 27.0, 21.33, 11.0, 25.665999999999997], [10.67, 32.33, 13.67, 8.67, 48.67, 22.802], [21.33, 49.33, 34.33, 8.67, 14.33, 25.598], [23.67, 30.67, 39.0, 9.33, 30.67, 26.668], [38.67, 25.0, 42.33, 15.67, 10.33, 26.4], [29.67, 34.0, 14.0, 15.67, 4.67, 19.602], [20.0, 19.33, 18.67, 17.0, 13.67, 17.734]], "test_acc": [0.758, 0.7273333333333334, 0.7126666666666667, 0.7433333333333333, 0.772, 0.744, 0.7333333333333333, 0.736, 0.804, 0.8226666666666667], "sel_per_cls": [[2, 3, 2, 2, 3, 18], [0, 0, 2, 3, 6, 19], [3, 3, 3, 4, 5, 12], [3, 3, 1, 2, 4, 17], [5, 1, 2, 1, 8, 13], [5, 1, 2, 1, 2, 19], [2, 3, 5, 3, 2, 15], [0, 3, 4, 5, 0, 18], [3, 4, 4, 2, 3, 14]], "sel_cls_idx": [0, 1, 2, 3, 4], "all_val_class_acc": [[0, 0, 0, 0, 0, 0.0], [0, 0, 0, 0, 0, 0.0], [0, 0, 0, 0, 0, 0.0], [0, 0, 0, 0, 0, 0.0], [0, 0, 0, 0, 0, 0.0], [0, 0, 0, 0, 0, 0.0], [0, 0, 0, 0, 0, 0.0], [0, 0, 0, 0, 0, 0.0], [0, 0, 0, 0, 0, 0.0], [0, 0, 0, 0, 0, 0.0]]}