{"dataset": "organmnist", "feature": "ood", "sel_func": "fl1mi", "sel_budget": 50, "num_selections": 10, "model": "ResNet18", "learning_rate": 0.01, "setting": {"num_cls_idc": 11, "per_idc_train": 10, "per_idc_val": 10, "per_idc_lake": 100, "per_ood_train": 0, "per_ood_val": 0, "per_ood_lake": 8000}, "all_class_acc": [[20.0, 30.67, 47.0, 18.0, 93.0, 60.67, 52.33, 14.67, 17.33, 62.0, 83.33, 45.36363636363637], [14.67, 41.67, 15.33, 19.33, 74.33, 44.33, 65.33, 16.0, 2.67, 37.33, 76.67, 37.059999999999995], [13.0, 19.67, 21.0, 26.0, 59.0, 65.33, 61.0, 11.0, 2.67, 41.67, 64.0, 34.940000000000005], [20.0, 24.33, 17.33, 13.33, 57.0, 65.67, 42.67, 16.33, 5.0, 63.0, 40.0, 33.150909090909096], [20.0, 18.33, 19.33, 16.67, 75.33, 37.67, 44.0, 12.33, 14.0, 49.33, 34.33, 31.029090909090904], [24.0, 35.33, 31.67, 21.33, 48.67, 52.0, 46.67, 26.67, 1.33, 10.67, 67.33, 33.24272727272727], [7.0, 21.33, 23.33, 27.33, 55.33, 60.33, 23.67, 12.67, 23.67, 40.67, 24.67, 29.09090909090909], [20.67, 14.67, 17.0, 11.67, 68.0, 35.33, 10.67, 21.33, 3.0, 44.33, 39.0, 25.969999999999995], [38.0, 23.33, 24.33, 29.0, 61.33, 56.0, 13.33, 16.0, 26.33, 43.33, 30.0, 32.81636363636364], [10.67, 20.67, 31.0, 21.33, 33.33, 45.67, 13.67, 13.67, 7.0, 35.33, 44.67, 25.182727272727274]], "test_acc": [0.5463636363636364, 0.6293939393939394, 0.6506060606060606, 0.6684848484848485, 0.6896969696969697, 0.6675757575757576, 0.7090909090909091, 0.7403030303030304, 0.6718181818181819, 0.7481818181818182], "sel_per_cls": [[1, 0, 1, 3, 1, 0, 1, 1, 2, 2, 1, 37], [5, 5, 4, 4, 7, 5, 4, 5, 3, 3, 5, 0], [7, 4, 2, 4, 2, 7, 5, 2, 2, 5, 9, 1], [4, 6, 3, 6, 1, 2, 10, 5, 2, 4, 4, 3], [4, 4, 5, 3, 6, 4, 5, 4, 5, 5, 5, 0], [5, 6, 3, 3, 3, 5, 4, 4, 4, 4, 3, 6], [6, 4, 3, 3, 4, 3, 7, 3, 5, 4, 5, 3], [5, 5, 3, 7, 4, 6, 5, 3, 2, 3, 4, 3], [5, 3, 4, 5, 7, 3, 5, 5, 3, 4, 5, 1]], "sel_cls_idx": [0, 1, 2, 3, 4, 5, 6, 7, 8, 9, 10], "all_val_class_acc": [[10.0, 0.0, 50.0, 10.0, 90.0, 50.0, 30.0, 0.0, 0.0, 70.0, 50.0, 32.72727272727273], [9.09, 10.0, 18.18, 15.38, 45.45, 50.0, 36.36, 18.18, 0.0, 16.67, 36.36, 23.242727272727276], [12.5, 6.67, 20.0, 11.76, 38.89, 46.67, 26.67, 0.0, 0.0, 33.33, 18.75, 19.567272727272726], [13.04, 0.0, 29.41, 4.76, 40.0, 31.82, 20.0, 5.56, 0.0, 5.0, 8.0, 14.326363636363636], [11.11, 0.0, 15.0, 0.0, 33.33, 12.5, 3.33, 4.35, 0.0, 12.5, 10.34, 9.314545454545454], [9.68, 0.0, 20.0, 3.33, 14.81, 10.71, 14.29, 3.7, 0.0, 3.45, 8.82, 8.07181818181818], [2.78, 0.0, 7.14, 3.03, 16.67, 15.15, 2.56, 3.23, 0.0, 9.09, 5.41, 5.914545454545455], [4.76, 0.0, 9.68, 2.78, 29.41, 13.89, 2.17, 0.0, 0.0, 8.11, 7.14, 7.085454545454545], [8.51, 0.0, 14.71, 2.33, 13.16, 11.9, 1.96, 0.0, 2.86, 2.5, 6.52, 5.8590909090909085], [0.0, 0.0, 18.42, 0.0, 11.11, 8.89, 0.0, 0.0, 0.0, 4.55, 1.96, 4.084545454545455]]}