{"dataset": "organmnist", "feature": "ood", "sel_func": "logdetmi", "sel_budget": 30, "num_selections": 10, "model": "ResNet18", "learning_rate": 0.01, "setting": {"num_cls_idc": 11, "per_idc_train": 10, "per_idc_val": 10, "per_idc_lake": 150, "per_ood_train": 0, "per_ood_val": 0, "per_ood_lake": 8000}, "all_class_acc": [[48.33, 31.0, 22.33, 15.0, 70.0, 70.0, 45.33, 14.67, 16.0, 56.33, 85.67, 43.15090909090909], [10.67, 32.67, 73.0, 15.67, 92.67, 65.33, 19.67, 29.33, 37.0, 52.0, 39.67, 42.516363636363636], [33.67, 31.0, 30.67, 12.0, 51.67, 66.33, 32.33, 49.33, 4.0, 42.0, 71.67, 38.60636363636363], [11.0, 24.33, 11.33, 25.67, 73.0, 63.33, 34.0, 27.33, 5.0, 71.0, 51.67, 36.15090909090909], [28.0, 29.33, 9.67, 21.67, 65.33, 63.67, 30.33, 21.67, 26.67, 49.33, 60.0, 36.87909090909091], [19.67, 22.0, 18.0, 36.33, 58.0, 84.33, 5.0, 24.33, 21.67, 61.0, 44.33, 35.878181818181815], [23.0, 33.0, 12.0, 35.67, 45.67, 59.33, 28.33, 31.0, 19.33, 15.67, 58.0, 32.81818181818182], [15.0, 23.33, 17.0, 16.33, 60.0, 45.33, 27.0, 17.67, 6.33, 31.33, 39.67, 27.180909090909097], [35.67, 30.0, 8.33, 26.67, 49.67, 50.0, 28.0, 22.33, 4.67, 36.67, 42.67, 30.425454545454546], [26.67, 19.0, 10.0, 25.67, 45.0, 48.33, 23.33, 7.0, 20.67, 61.0, 43.0, 29.970000000000002]], "test_acc": [0.5684848484848485, 0.5748484848484848, 0.6139393939393939, 0.6384848484848484, 0.6312121212121212, 0.6412121212121212, 0.6718181818181819, 0.7281818181818182, 0.6957575757575758, 0.7003030303030303], "sel_per_cls": [[3, 2, 1, 2, 0, 2, 2, 1, 2, 1, 5, 9], [2, 2, 3, 3, 2, 2, 1, 3, 3, 2, 2, 5], [2, 3, 2, 3, 2, 3, 2, 3, 2, 1, 2, 5], [3, 2, 1, 2, 1, 1, 3, 3, 3, 2, 2, 7], [1, 3, 2, 3, 2, 2, 2, 2, 3, 2, 3, 5], [2, 3, 1, 3, 1, 4, 2, 3, 3, 3, 2, 3], [2, 3, 1, 3, 4, 0, 2, 3, 3, 1, 3, 5], [3, 2, 2, 3, 2, 1, 3, 2, 3, 3, 3, 3], [3, 2, 1, 3, 0, 3, 4, 3, 3, 0, 3, 5]], "sel_cls_idx": [0, 1, 2, 3, 4, 5, 6, 7, 8, 9, 10], "all_val_class_acc": [[30.0, 0.0, 40.0, 10.0, 100.0, 60.0, 50.0, 0.0, 10.0, 30.0, 100.0, 39.09090909090909], [15.38, 8.33, 81.82, 8.33, 80.0, 50.0, 16.67, 27.27, 25.0, 27.27, 20.0, 32.733636363636364], [13.33, 0.0, 35.71, 6.67, 41.67, 42.86, 15.38, 42.86, 0.0, 7.69, 23.53, 20.881818181818183], [11.76, 0.0, 0.0, 5.56, 50.0, 35.29, 20.0, 23.53, 0.0, 14.29, 15.79, 16.019999999999996], [10.0, 0.0, 23.53, 5.0, 46.67, 33.33, 11.11, 0.0, 5.0, 18.75, 14.29, 15.243636363636362], [19.05, 0.0, 15.79, 4.35, 17.65, 30.0, 10.0, 0.0, 4.35, 11.11, 8.33, 10.966363636363637], [13.04, 8.0, 10.0, 3.85, 22.22, 20.83, 9.09, 8.0, 0.0, 4.76, 11.54, 10.120909090909093], [4.0, 0.0, 4.76, 3.45, 31.82, 16.67, 12.5, 7.14, 0.0, 4.55, 6.9, 8.344545454545456], [3.57, 3.33, 4.35, 0.0, 8.33, 20.0, 11.11, 0.0, 0.0, 4.0, 12.5, 6.108181818181818], [6.45, 0.0, 4.17, 2.86, 33.33, 14.29, 9.68, 3.03, 0.0, 12.0, 2.86, 8.06090909090909]]}