{"dataset": "organmnist", "feature": "ood", "sel_func": "logdetmi", "sel_budget": 30, "num_selections": 10, "model": "ResNet18", "learning_rate": 0.01, "setting": {"num_cls_idc": 5, "per_idc_train": 15, "per_idc_val": 10, "per_idc_lake": 50, "per_ood_train": 0, "per_ood_val": 0, "per_ood_lake": 8000}, "all_class_acc": [[28.67, 58.67, 51.67, 24.0, 26.67, 37.936], [32.67, 58.67, 45.0, 34.33, 55.33, 45.2], [17.0, 53.0, 63.33, 35.33, 74.33, 48.59799999999999], [32.67, 48.33, 80.0, 34.0, 69.67, 52.934000000000005], [36.67, 43.33, 71.33, 8.67, 66.0, 45.199999999999996], [42.33, 53.67, 50.0, 40.0, 53.0, 47.8], [20.0, 49.33, 58.33, 25.33, 63.33, 43.263999999999996], [28.33, 49.33, 64.33, 19.67, 45.67, 41.46600000000001], [17.33, 66.33, 46.33, 23.33, 79.33, 46.529999999999994], [40.67, 50.67, 44.33, 22.67, 53.0, 42.26800000000001]], "test_acc": [0.6206666666666667, 0.548, 0.514, 0.4706666666666667, 0.548, 0.522, 0.5673333333333334, 0.5853333333333334, 0.5346666666666666, 0.5773333333333334], "sel_per_cls": [[3, 2, 2, 3, 0, 20], [2, 0, 2, 0, 0, 26], [0, 1, 3, 1, 0, 25], [1, 2, 1, 3, 0, 23], [1, 1, 3, 3, 0, 22], [2, 0, 4, 1, 0, 23], [1, 4, 1, 3, 1, 20], [1, 3, 3, 2, 0, 21], [2, 0, 3, 3, 0, 22]], "sel_cls_idx": [0, 1, 2, 3, 4], "all_val_class_acc": [[10.0, 90.0, 60.0, 0.0, 10.0, 34.0], [30.77, 66.67, 33.33, 15.38, 30.0, 35.23], [6.67, 58.33, 42.86, 30.77, 50.0, 37.726], [20.0, 38.46, 47.06, 21.43, 40.0, 33.39], [31.25, 33.33, 50.0, 23.53, 20.0, 31.622000000000003], [41.18, 43.75, 23.81, 15.0, 70.0, 38.748000000000005], [5.26, 50.0, 24.0, 19.05, 40.0, 27.662], [5.0, 40.0, 23.08, 0.0, 36.36, 20.887999999999998], [4.76, 34.78, 27.59, 15.38, 81.82, 32.866], [21.74, 30.43, 21.88, 13.79, 36.36, 24.84]]}