{"dataset": "organmnist", "feature": "ood", "sel_func": "badge", "sel_budget": 50, "num_selections": 10, "model": "ResNet18", "learning_rate": 0.01, "setting": {"num_cls_idc": 11, "per_idc_train": 10, "per_idc_val": 10, "per_idc_lake": 100, "per_ood_train": 0, "per_ood_val": 0, "per_ood_lake": 8000}, "all_class_acc": [[20.0, 30.67, 47.0, 18.0, 93.0, 60.67, 52.33, 14.67, 17.33, 62.0, 83.33, 45.36363636363637], [31.67, 38.0, 44.33, 18.67, 53.67, 74.67, 37.67, 32.67, 4.33, 61.0, 54.33, 41.0009090909091], [20.67, 43.33, 36.33, 28.67, 60.67, 88.67, 30.0, 26.33, 17.67, 30.33, 57.0, 39.97], [21.0, 35.67, 12.67, 18.67, 46.33, 69.0, 42.67, 6.67, 1.33, 34.0, 61.0, 31.728181818181817], [47.33, 28.67, 26.33, 28.0, 46.67, 48.0, 6.0, 31.0, 14.0, 54.0, 46.0, 34.18181818181818], [16.33, 29.33, 22.33, 18.0, 66.0, 26.33, 74.67, 6.67, 7.0, 61.33, 58.0, 35.09], [25.0, 20.33, 23.33, 17.67, 59.0, 36.67, 13.0, 11.0, 9.0, 29.67, 35.0, 25.424545454545456], [14.33, 34.67, 18.0, 21.0, 52.33, 28.33, 12.33, 7.67, 0.33, 71.0, 53.67, 28.514545454545456], [7.0, 16.0, 27.0, 29.33, 49.33, 68.33, 5.67, 4.67, 46.33, 25.33, 29.33, 28.029090909090904], [11.67, 16.33, 15.67, 12.33, 52.67, 42.0, 16.0, 4.0, 5.0, 42.67, 50.0, 24.394545454545458]], "test_acc": [0.5463636363636364, 0.59, 0.6003030303030303, 0.6827272727272727, 0.6581818181818182, 0.649090909090909, 0.7457575757575757, 0.7148484848484848, 0.7196969696969697, 0.7560606060606061], "sel_per_cls": [[1, 0, 0, 0, 1, 0, 2, 1, 2, 1, 3, 39], [1, 2, 1, 0, 4, 3, 1, 4, 0, 7, 4, 23], [1, 2, 6, 3, 11, 8, 2, 2, 2, 1, 2, 10], [3, 5, 0, 2, 4, 5, 8, 0, 0, 5, 7, 11], [3, 5, 3, 3, 3, 2, 1, 5, 2, 4, 10, 9], [1, 2, 2, 1, 5, 5, 11, 1, 4, 3, 4, 11], [6, 7, 4, 1, 10, 5, 1, 1, 2, 2, 2, 9], [1, 3, 5, 0, 4, 6, 2, 2, 2, 10, 5, 10], [2, 1, 7, 2, 2, 12, 0, 1, 8, 2, 3, 10]], "sel_cls_idx": [0, 1, 2, 3, 4, 5, 6, 7, 8, 9, 10], "all_val_class_acc": [[10.0, 0.0, 50.0, 10.0, 90.0, 50.0, 30.0, 0.0, 0.0, 70.0, 50.0, 32.72727272727273], [18.18, 10.0, 80.0, 10.0, 54.55, 60.0, 16.67, 27.27, 0.0, 36.36, 30.77, 31.254545454545454], [16.67, 0.0, 72.73, 20.0, 53.33, 53.85, 15.38, 0.0, 0.0, 0.0, 11.76, 22.156363636363636], [23.08, 21.43, 11.76, 7.69, 11.54, 33.33, 26.67, 0.0, 0.0, 5.26, 15.79, 14.23181818181818], [25.0, 0.0, 17.65, 6.67, 13.33, 11.54, 4.35, 23.53, 0.0, 12.5, 15.38, 11.813636363636363], [5.26, 4.17, 5.0, 5.56, 18.18, 14.29, 29.17, 0.0, 6.25, 25.0, 16.67, 11.77727272727273], [5.0, 3.85, 9.09, 5.26, 10.53, 9.09, 2.86, 0.0, 0.0, 9.68, 5.0, 5.487272727272726], [3.85, 3.03, 3.85, 10.0, 8.33, 2.63, 5.56, 0.0, 0.0, 27.27, 9.52, 6.7309090909090905], [3.7, 0.0, 6.45, 5.0, 13.46, 18.18, 2.63, 0.0, 12.5, 6.98, 6.38, 6.843636363636364], [3.45, 0.0, 7.89, 4.55, 5.56, 8.93, 0.0, 0.0, 0.0, 6.67, 6.0, 3.9136363636363636]]}