{"dataset": "dermamnist", "feature": "ood", "sel_func": "flcg", "sel_budget": 30, "num_selections": 10, "model": "ResNet18", "learning_rate": 0.01, "setting": {"num_cls_idc": 7, "per_idc_train": 20, "per_idc_val": 0, "per_idc_lake": 180, "per_ood_train": 0, "per_ood_val": 20, "per_ood_lake": 5000}, "all_class_acc": [[91.43, 60.0, 71.43, 34.29, 82.86, 37.14, 60.0, 62.45], [54.29, 60.0, 85.71, 57.14, 51.43, 20.0, 88.57, 59.59142857142857], [68.57, 48.57, 88.57, 60.0, 71.43, 37.14, 77.14, 64.48857142857142], [80.0, 62.86, 74.29, 42.86, 62.86, 45.71, 48.57, 59.59285714285715], [71.43, 54.29, 65.71, 62.86, 68.57, 37.14, 88.57, 64.08142857142857], [62.86, 54.29, 85.71, 57.14, 62.86, 37.14, 88.57, 64.08142857142857], [71.43, 51.43, 88.57, 57.14, 80.0, 25.71, 77.14, 64.48857142857142], [65.71, 57.14, 88.57, 71.43, 82.86, 25.71, 65.71, 65.30428571428571], [45.71, 54.29, 85.71, 51.43, 74.29, 48.57, 82.86, 63.26571428571429], [54.29, 85.71, 91.43, 65.71, 71.43, 51.43, 71.43, 70.20428571428572]], "test_acc": [0.37551020408163266, 0.40408163265306124, 0.3551020408163265, 0.40408163265306124, 0.35918367346938773, 0.35918367346938773, 0.3551020408163265, 0.3469387755102041, 0.3673469387755102, 0.2979591836734694], "sel_per_cls": [[1, 1, 1, 2, 1, 0, 0, 24], [0, 0, 3, 0, 1, 0, 0, 26], [2, 0, 0, 0, 0, 1, 0, 27], [0, 2, 0, 0, 1, 1, 0, 26], [0, 0, 1, 0, 1, 0, 0, 28], [0, 0, 0, 0, 0, 0, 0, 30], [1, 1, 0, 1, 0, 0, 0, 27], [0, 0, 0, 0, 0, 1, 0, 29], [1, 1, 0, 0, 0, 0, 0, 28]], "sel_cls_idx": [0, 1, 2, 3, 4, 5, 6], "all_val_class_acc": [[0, 0, 0, 0, 0, 0, 0, 0.0], [0, 0, 0, 0, 0, 0, 0, 0.0], [0, 0, 0, 0, 0, 0, 0, 0.0], [0, 0, 0, 0, 0, 0, 0, 0.0], [0, 0, 0, 0, 0, 0, 0, 0.0], [0, 0, 0, 0, 0, 0, 0, 0.0], [0, 0, 0, 0, 0, 0, 0, 0.0], [0, 0, 0, 0, 0, 0, 0, 0.0], [0, 0, 0, 0, 0, 0, 0, 0.0], [0, 0, 0, 0, 0, 0, 0, 0.0]]}