{"dataset": "dermamnist", "feature": "ood", "sel_func": "flcg", "sel_budget": 30, "num_selections": 10, "model": "ResNet18", "learning_rate": 0.01, "setting": {"num_cls_idc": 7, "per_idc_train": 20, "per_idc_val": 0, "per_idc_lake": 180, "per_ood_train": 0, "per_ood_val": 1, "per_ood_lake": 1000}, "all_class_acc": [[91.43, 60.0, 71.43, 34.29, 82.86, 37.14, 60.0, 62.45], [68.57, 74.29, 77.14, 60.0, 85.71, 42.86, 74.29, 68.98], [37.14, 65.71, 88.57, 77.14, 68.57, 22.86, 65.71, 60.81428571428571], [37.14, 54.29, 80.0, 60.0, 68.57, 31.43, 80.0, 58.77571428571429], [42.86, 51.43, 74.29, 80.0, 77.14, 37.14, 60.0, 60.40857142857142], [48.57, 62.86, 91.43, 57.14, 65.71, 31.43, 62.86, 60.0], [45.71, 60.0, 74.29, 51.43, 60.0, 42.86, 54.29, 55.511428571428574], [57.14, 65.71, 77.14, 48.57, 65.71, 34.29, 65.71, 59.18142857142857], [51.43, 54.29, 80.0, 48.57, 80.0, 37.14, 80.0, 61.632857142857134], [42.86, 60.0, 65.71, 42.86, 85.71, 31.43, 88.57, 59.59142857142857]], "test_acc": [0.37551020408163266, 0.31020408163265306, 0.39183673469387753, 0.4122448979591837, 0.39591836734693875, 0.4, 0.4448979591836735, 0.40816326530612246, 0.3836734693877551, 0.40408163265306124], "sel_per_cls": [[3, 2, 2, 2, 1, 1, 1, 18], [2, 2, 4, 0, 2, 3, 2, 15], [4, 5, 1, 1, 0, 1, 0, 18], [3, 2, 1, 0, 4, 0, 0, 20], [2, 0, 2, 4, 0, 3, 0, 19], [3, 3, 3, 1, 1, 0, 1, 18], [1, 1, 1, 1, 4, 3, 0, 19], [0, 1, 4, 1, 1, 1, 0, 22], [5, 4, 0, 1, 3, 1, 1, 15]], "sel_cls_idx": [0, 1, 2, 3, 4, 5, 6], "all_val_class_acc": [[0, 0, 0, 0, 0, 0, 0, 0.0], [0, 0, 0, 0, 0, 0, 0, 0.0], [0, 0, 0, 0, 0, 0, 0, 0.0], [0, 0, 0, 0, 0, 0, 0, 0.0], [0, 0, 0, 0, 0, 0, 0, 0.0], [0, 0, 0, 0, 0, 0, 0, 0.0], [0, 0, 0, 0, 0, 0, 0, 0.0], [0, 0, 0, 0, 0, 0, 0, 0.0], [0, 0, 0, 0, 0, 0, 0, 0.0], [0, 0, 0, 0, 0, 0, 0, 0.0]]}