{"dataset": "organmnist", "feature": "ood", "sel_func": "badge", "sel_budget": 30, "num_selections": 10, "model": "ResNet18", "learning_rate": 0.01, "setting": {"num_cls_idc": 5, "per_idc_train": 15, "per_idc_val": 10, "per_idc_lake": 50, "per_ood_train": 0, "per_ood_val": 0, "per_ood_lake": 8000}, "all_class_acc": [[28.67, 58.67, 51.67, 24.0, 26.67, 37.936], [30.33, 49.0, 65.67, 37.67, 39.67, 44.468], [32.67, 60.0, 50.33, 22.33, 29.33, 38.931999999999995], [27.0, 57.33, 54.0, 33.0, 40.0, 42.266], [18.67, 50.0, 72.33, 38.0, 71.33, 50.065999999999995], [54.33, 46.0, 58.33, 64.67, 38.33, 52.331999999999994], [17.67, 55.0, 50.33, 39.0, 53.33, 43.065999999999995], [25.67, 50.67, 51.67, 36.33, 57.33, 44.33399999999999], [11.33, 39.0, 74.67, 12.33, 63.67, 40.2], [44.33, 37.67, 64.67, 34.67, 71.33, 50.534000000000006]], "test_acc": [0.6206666666666667, 0.5553333333333333, 0.6106666666666667, 0.5773333333333334, 0.49933333333333335, 0.4766666666666667, 0.5693333333333334, 0.5566666666666666, 0.598, 0.49466666666666664], "sel_per_cls": [[0, 1, 0, 0, 1, 28], [0, 0, 0, 0, 0, 30], [0, 0, 0, 1, 0, 29], [0, 0, 0, 0, 0, 30], [0, 3, 1, 0, 0, 26], [1, 0, 2, 0, 1, 26], [1, 0, 1, 1, 0, 27], [2, 0, 0, 0, 0, 28], [1, 1, 2, 2, 0, 24]], "sel_cls_idx": [0, 1, 2, 3, 4], "all_val_class_acc": [[10.0, 90.0, 60.0, 0.0, 10.0, 34.0], [30.0, 45.45, 90.0, 30.0, 9.09, 40.908], [10.0, 54.55, 50.0, 30.0, 9.09, 30.728], [30.0, 63.64, 70.0, 18.18, 27.27, 41.818], [10.0, 54.55, 90.0, 36.36, 18.18, 41.818000000000005], [50.0, 35.71, 54.55, 36.36, 18.18, 38.96], [9.09, 42.86, 46.15, 27.27, 50.0, 35.074], [8.33, 35.71, 42.86, 25.0, 50.0, 32.38], [7.14, 35.71, 71.43, 16.67, 25.0, 31.189999999999998], [40.0, 46.67, 50.0, 28.57, 33.33, 39.714]]}