{"dataset": "organmnist", "feature": "ood", "sel_func": "badge", "sel_budget": 30, "num_selections": 10, "model": "ResNet18", "learning_rate": 0.01, "setting": {"num_cls_idc": 11, "per_idc_train": 10, "per_idc_val": 10, "per_idc_lake": 150, "per_ood_train": 0, "per_ood_val": 0, "per_ood_lake": 8000}, "all_class_acc": [[48.33, 31.0, 22.33, 15.0, 70.0, 70.0, 45.33, 14.67, 16.0, 56.33, 85.67, 43.15090909090909], [43.67, 28.67, 61.67, 10.0, 57.0, 87.0, 23.0, 22.33, 33.33, 26.67, 69.67, 42.091818181818184], [25.33, 19.33, 20.67, 22.33, 81.67, 78.67, 41.33, 10.0, 37.0, 32.67, 38.0, 37.0], [8.67, 39.0, 36.0, 25.0, 76.33, 88.0, 33.67, 24.33, 12.33, 16.67, 48.67, 37.151818181818186], [15.0, 25.0, 31.67, 26.67, 82.33, 70.33, 19.67, 26.0, 3.67, 56.0, 56.0, 37.48545454545455], [19.33, 43.0, 26.0, 39.33, 78.33, 71.33, 2.0, 17.33, 5.33, 90.67, 56.0, 40.78636363636363], [12.67, 22.67, 16.33, 36.67, 41.0, 78.67, 30.67, 26.0, 17.33, 47.33, 89.0, 38.03090909090909], [28.0, 20.0, 19.67, 36.67, 50.0, 41.33, 19.0, 6.0, 25.33, 50.67, 92.33, 35.36363636363637], [3.67, 21.33, 39.0, 29.33, 46.67, 68.33, 31.33, 38.67, 1.33, 70.33, 76.67, 38.78727272727272], [12.33, 19.67, 16.33, 27.67, 78.0, 38.67, 19.0, 9.33, 3.67, 55.67, 43.67, 29.45545454545455]], "test_acc": [0.5684848484848485, 0.5790909090909091, 0.63, 0.6284848484848485, 0.6251515151515151, 0.5921212121212122, 0.6196969696969697, 0.6463636363636364, 0.6121212121212121, 0.7054545454545454], "sel_per_cls": [[1, 1, 0, 0, 0, 1, 0, 0, 2, 0, 0, 25], [2, 0, 1, 1, 2, 1, 1, 1, 1, 0, 0, 20], [2, 0, 0, 0, 0, 0, 3, 0, 1, 0, 1, 23], [0, 1, 0, 0, 0, 3, 3, 0, 1, 2, 1, 19], [1, 1, 4, 0, 2, 1, 0, 1, 0, 2, 0, 18], [3, 1, 2, 0, 1, 2, 1, 3, 0, 1, 0, 16], [3, 1, 1, 1, 0, 2, 1, 4, 0, 0, 2, 15], [1, 0, 2, 2, 1, 1, 0, 0, 0, 1, 1, 21], [1, 1, 0, 1, 1, 0, 1, 0, 0, 1, 3, 21]], "sel_cls_idx": [0, 1, 2, 3, 4, 5, 6, 7, 8, 9, 10], "all_val_class_acc": [[30.0, 0.0, 40.0, 10.0, 100.0, 60.0, 50.0, 0.0, 10.0, 30.0, 100.0, 39.09090909090909], [45.45, 0.0, 80.0, 10.0, 100.0, 63.64, 10.0, 30.0, 0.0, 10.0, 40.0, 35.37181818181818], [7.69, 18.18, 27.27, 9.09, 83.33, 58.33, 27.27, 9.09, 0.0, 20.0, 30.0, 26.386363636363637], [0.0, 27.27, 45.45, 9.09, 50.0, 66.67, 28.57, 18.18, 0.0, 0.0, 18.18, 23.94636363636364], [6.67, 0.0, 54.55, 9.09, 66.67, 33.33, 0.0, 9.09, 0.0, 33.33, 33.33, 22.36909090909091], [12.5, 7.69, 26.67, 18.18, 57.14, 50.0, 0.0, 8.33, 0.0, 57.14, 16.67, 23.120000000000005], [0.0, 0.0, 17.65, 9.09, 33.33, 33.33, 22.22, 6.67, 0.0, 13.33, 66.67, 18.39], [4.55, 0.0, 27.78, 8.33, 40.0, 20.0, 5.26, 0.0, 6.67, 40.0, 42.86, 17.768181818181816], [4.35, 0.0, 35.0, 7.14, 37.5, 28.57, 15.79, 5.26, 0.0, 31.25, 53.33, 19.835454545454546], [0.0, 6.25, 5.0, 6.67, 58.82, 19.05, 10.0, 0.0, 0.0, 17.65, 16.67, 12.737272727272728]]}