{"dataset": "organmnist", "feature": "ood", "sel_func": "fl2mi", "sel_budget": 70, "num_selections": 10, "model": "ResNet18", "learning_rate": 0.01, "setting": {"num_cls_idc": 11, "per_idc_train": 10, "per_idc_val": 10, "per_idc_lake": 100, "per_ood_train": 0, "per_ood_val": 0, "per_ood_lake": 8000}, "all_class_acc": [[20.0, 30.67, 47.0, 18.0, 93.0, 60.67, 52.33, 14.67, 17.33, 62.0, 83.33, 45.36363636363637], [14.33, 11.67, 28.67, 28.0, 84.33, 71.0, 51.0, 38.67, 17.33, 60.33, 50.0, 41.39363636363636], [22.33, 24.33, 25.33, 13.0, 39.33, 75.67, 23.67, 27.33, 5.0, 36.33, 55.0, 31.574545454545454], [15.67, 26.0, 23.33, 12.0, 39.33, 54.67, 38.67, 17.33, 11.0, 42.0, 68.67, 31.69727272727273], [16.67, 25.33, 20.0, 11.67, 45.0, 50.33, 29.67, 11.67, 8.67, 33.0, 47.33, 27.21272727272727], [10.0, 12.33, 18.33, 15.33, 43.0, 51.67, 16.0, 8.0, 14.33, 23.67, 59.33, 24.726363636363637], [13.0, 24.33, 26.33, 12.67, 53.67, 53.33, 36.33, 4.0, 10.0, 11.67, 51.33, 26.969090909090905], [13.0, 14.33, 17.33, 24.33, 34.67, 56.67, 16.0, 11.33, 14.67, 22.33, 49.0, 24.878181818181815], [10.67, 15.33, 11.67, 19.0, 43.67, 44.0, 18.0, 11.67, 15.0, 29.0, 52.0, 24.546363636363637], [5.67, 8.0, 23.33, 20.67, 44.33, 46.67, 26.33, 19.0, 19.33, 24.33, 42.67, 25.484545454545454]], "test_acc": [0.5463636363636364, 0.5860606060606061, 0.6842424242424242, 0.683030303030303, 0.7278787878787879, 0.7527272727272727, 0.7303030303030303, 0.7512121212121212, 0.7545454545454545, 0.7451515151515151], "sel_per_cls": [[4, 5, 2, 7, 3, 4, 6, 6, 4, 4, 4, 21], [6, 11, 5, 5, 5, 4, 6, 6, 7, 6, 7, 2], [6, 7, 6, 6, 9, 3, 6, 7, 7, 8, 5, 0], [7, 6, 5, 6, 3, 6, 7, 6, 7, 6, 7, 4], [4, 7, 6, 7, 6, 7, 7, 6, 7, 6, 2, 5], [7, 5, 6, 8, 3, 8, 5, 4, 7, 8, 8, 1], [4, 6, 6, 8, 4, 5, 7, 8, 13, 4, 5, 0], [6, 6, 6, 9, 4, 6, 6, 8, 6, 3, 7, 3], [5, 6, 8, 7, 2, 6, 8, 8, 7, 7, 5, 1]], "sel_cls_idx": [0, 1, 2, 3, 4, 5, 6, 7, 8, 9, 10], "all_val_class_acc": [[10.0, 0.0, 50.0, 10.0, 90.0, 50.0, 30.0, 0.0, 0.0, 70.0, 50.0, 32.72727272727273], [14.29, 0.0, 50.0, 5.88, 53.85, 35.71, 12.5, 12.5, 0.0, 14.29, 21.43, 20.04090909090909], [15.0, 0.0, 17.65, 4.55, 27.78, 27.78, 4.55, 4.55, 0.0, 10.0, 19.05, 11.90090909090909], [11.54, 0.0, 13.04, 0.0, 18.52, 19.05, 3.57, 0.0, 0.0, 7.14, 19.23, 8.371818181818181], [3.03, 0.0, 14.29, 0.0, 20.0, 14.81, 5.71, 0.0, 0.0, 5.88, 12.12, 6.8945454545454545], [2.7, 0.0, 8.82, 2.44, 13.89, 5.88, 2.38, 0.0, 0.0, 5.0, 8.57, 4.516363636363637], [2.27, 0.0, 5.0, 0.0, 15.38, 7.14, 6.38, 0.0, 0.0, 2.08, 4.65, 3.9], [2.08, 0.0, 8.7, 1.75, 6.98, 10.64, 1.85, 0.0, 0.0, 1.92, 6.25, 3.651818181818182], [0.0, 0.0, 3.85, 1.52, 6.38, 5.66, 1.67, 0.0, 0.0, 3.64, 5.45, 2.5609090909090906], [1.69, 0.0, 3.33, 1.37, 12.24, 5.08, 1.47, 0.0, 0.0, 4.84, 5.0, 3.183636363636363]]}