{"dataset": "dermamnist", "feature": "ood", "sel_func": "logdetcg", "sel_budget": 30, "num_selections": 10, "model": "ResNet18", "learning_rate": 0.01, "setting": {"num_cls_idc": 7, "per_idc_train": 20, "per_idc_val": 0, "per_idc_lake": 180, "per_ood_train": 0, "per_ood_val": 1, "per_ood_lake": 1000}, "all_class_acc": [[91.43, 60.0, 71.43, 34.29, 82.86, 37.14, 60.0, 62.45], [40.0, 51.43, 94.29, 74.29, 57.14, 34.29, 85.71, 62.45], [68.57, 54.29, 74.29, 40.0, 85.71, 42.86, 74.29, 62.85857142857143], [65.71, 45.71, 82.86, 62.86, 77.14, 40.0, 71.43, 63.67285714285714], [45.71, 62.86, 77.14, 65.71, 82.86, 48.57, 68.57, 64.48857142857142], [74.29, 45.71, 68.57, 71.43, 85.71, 42.86, 37.14, 60.815714285714286], [68.57, 57.14, 71.43, 68.57, 77.14, 51.43, 74.29, 66.93857142857142], [71.43, 51.43, 74.29, 34.29, 85.71, 62.86, 68.57, 64.08285714285715], [88.57, 51.43, 68.57, 54.29, 77.14, 28.57, 48.57, 59.59142857142857], [74.29, 74.29, 60.0, 65.71, 68.57, 37.14, 54.29, 62.041428571428575]], "test_acc": [0.37551020408163266, 0.37551020408163266, 0.37142857142857144, 0.363265306122449, 0.3551020408163265, 0.39183673469387753, 0.3306122448979592, 0.35918367346938773, 0.40408163265306124, 0.3795918367346939], "sel_per_cls": [[0, 0, 2, 2, 1, 5, 0, 20], [4, 0, 2, 0, 0, 1, 3, 20], [2, 1, 1, 2, 3, 1, 1, 19], [1, 2, 1, 1, 2, 1, 0, 22], [0, 2, 5, 3, 4, 3, 0, 13], [1, 2, 2, 0, 3, 2, 2, 18], [0, 0, 1, 1, 1, 1, 2, 24], [0, 0, 2, 0, 1, 0, 1, 26], [2, 1, 1, 0, 1, 3, 0, 22]], "sel_cls_idx": [0, 1, 2, 3, 4, 5, 6], "all_val_class_acc": [[0, 0, 0, 0, 0, 0, 0, 0.0], [0, 0, 0, 0, 0, 0, 0, 0.0], [0, 0, 0, 0, 0, 0, 0, 0.0], [0, 0, 0, 0, 0, 0, 0, 0.0], [0, 0, 0, 0, 0, 0, 0, 0.0], [0, 0, 0, 0, 0, 0, 0, 0.0], [0, 0, 0, 0, 0, 0, 0, 0.0], [0, 0, 0, 0, 0, 0, 0, 0.0], [0, 0, 0, 0, 0, 0, 0, 0.0], [0, 0, 0, 0, 0, 0, 0, 0.0]]}