{"dataset": "dermamnist", "feature": "ood", "sel_func": "logdetcg", "sel_budget": 30, "num_selections": 10, "model": "ResNet18", "learning_rate": 0.01, "setting": {"num_cls_idc": 7, "per_idc_train": 20, "per_idc_val": 0, "per_idc_lake": 180, "per_ood_train": 0, "per_ood_val": 20, "per_ood_lake": 5000}, "all_class_acc": [[91.43, 60.0, 71.43, 34.29, 82.86, 37.14, 60.0, 62.45], [34.29, 51.43, 91.43, 60.0, 80.0, 48.57, 85.71, 64.49], [82.86, 57.14, 57.14, 62.86, 65.71, 34.29, 74.29, 62.041428571428575], [48.57, 57.14, 80.0, 62.86, 62.86, 65.71, 42.86, 60.0], [65.71, 54.29, 62.86, 57.14, 62.86, 62.86, 31.43, 56.73571428571429], [62.86, 62.86, 80.0, 68.57, 82.86, 34.29, 57.14, 64.08285714285714], [71.43, 48.57, 62.86, 65.71, 68.57, 42.86, 42.86, 57.55142857142857], [74.29, 51.43, 74.29, 62.86, 62.86, 48.57, 60.0, 62.042857142857144], [62.86, 48.57, 62.86, 68.57, 77.14, 37.14, 77.14, 62.04], [68.57, 40.0, 82.86, 62.86, 54.29, 51.43, 51.43, 58.77714285714286]], "test_acc": [0.37551020408163266, 0.3551020408163265, 0.3795918367346939, 0.4, 0.4326530612244898, 0.35918367346938773, 0.42448979591836733, 0.3795918367346939, 0.3795918367346939, 0.4122448979591837], "sel_per_cls": [[0, 0, 2, 1, 1, 4, 0, 22], [0, 3, 0, 0, 0, 2, 1, 24], [1, 0, 0, 1, 1, 1, 4, 22], [3, 1, 0, 2, 0, 2, 2, 20], [0, 0, 1, 0, 0, 2, 0, 27], [0, 1, 0, 0, 0, 3, 0, 26], [3, 1, 0, 2, 1, 0, 0, 23], [0, 1, 0, 0, 0, 0, 0, 29], [0, 0, 0, 0, 0, 0, 1, 29]], "sel_cls_idx": [0, 1, 2, 3, 4, 5, 6], "all_val_class_acc": [[0, 0, 0, 0, 0, 0, 0, 0.0], [0, 0, 0, 0, 0, 0, 0, 0.0], [0, 0, 0, 0, 0, 0, 0, 0.0], [0, 0, 0, 0, 0, 0, 0, 0.0], [0, 0, 0, 0, 0, 0, 0, 0.0], [0, 0, 0, 0, 0, 0, 0, 0.0], [0, 0, 0, 0, 0, 0, 0, 0.0], [0, 0, 0, 0, 0, 0, 0, 0.0], [0, 0, 0, 0, 0, 0, 0, 0.0], [0, 0, 0, 0, 0, 0, 0, 0.0]]}