{"dataset": "dermamnist", "feature": "ood", "sel_func": "random", "sel_budget": 30, "num_selections": 10, "model": "ResNet18", "learning_rate": 0.01, "setting": {"num_cls_idc": 7, "per_idc_train": 20, "per_idc_val": 0, "per_idc_lake": 180, "per_ood_train": 0, "per_ood_val": 1, "per_ood_lake": 1000}, "all_class_acc": [[91.43, 60.0, 71.43, 34.29, 82.86, 37.14, 60.0, 62.45], [77.14, 62.86, 68.57, 65.71, 71.43, 37.14, 77.14, 65.71285714285713], [42.86, 68.57, 82.86, 42.86, 71.43, 51.43, 71.43, 61.63428571428572], [51.43, 60.0, 54.29, 77.14, 74.29, 40.0, 82.86, 62.85857142857144], [62.86, 62.86, 74.29, 45.71, 77.14, 22.86, 71.43, 59.59285714285715], [45.71, 74.29, 60.0, 51.43, 65.71, 34.29, 80.0, 58.77571428571429], [40.0, 62.86, 68.57, 62.86, 57.14, 45.71, 74.29, 58.77571428571429], [22.86, 51.43, 68.57, 88.57, 71.43, 31.43, 54.29, 55.511428571428574], [48.57, 57.14, 71.43, 82.86, 45.71, 42.86, 51.43, 57.142857142857146], [34.29, 60.0, 60.0, 74.29, 65.71, 45.71, 57.14, 56.734285714285704]], "test_acc": [0.37551020408163266, 0.34285714285714286, 0.3836734693877551, 0.37142857142857144, 0.40408163265306124, 0.4122448979591837, 0.4122448979591837, 0.4448979591836735, 0.42857142857142855, 0.4326530612244898], "sel_per_cls": [[3, 4, 3, 1, 0, 1, 1, 17], [5, 2, 3, 0, 3, 3, 0, 14], [4, 5, 2, 1, 1, 1, 2, 14], [3, 3, 4, 0, 2, 6, 0, 12], [1, 4, 1, 1, 5, 2, 2, 14], [3, 1, 0, 0, 3, 5, 3, 15], [3, 2, 2, 0, 3, 1, 1, 18], [0, 4, 1, 2, 5, 3, 3, 12], [2, 3, 5, 0, 2, 0, 3, 15]], "sel_cls_idx": [0, 1, 2, 3, 4, 5, 6], "all_val_class_acc": [[0, 0, 0, 0, 0, 0, 0, 0.0], [0, 0, 0, 0, 0, 0, 0, 0.0], [0, 0, 0, 0, 0, 0, 0, 0.0], [0, 0, 0, 0, 0, 0, 0, 0.0], [0, 0, 0, 0, 0, 0, 0, 0.0], [0, 0, 0, 0, 0, 0, 0, 0.0], [0, 0, 0, 0, 0, 0, 0, 0.0], [0, 0, 0, 0, 0, 0, 0, 0.0], [0, 0, 0, 0, 0, 0, 0, 0.0], [0, 0, 0, 0, 0, 0, 0, 0.0]]}