{"dataset": "organmnist", "feature": "ood", "sel_func": "logdetcg", "sel_budget": 30, "num_selections": 10, "model": "ResNet18", "learning_rate": 0.01, "setting": {"num_cls_idc": 5, "per_idc_train": 10, "per_idc_val": 0, "per_idc_lake": 150, "per_ood_train": 0, "per_ood_val": 1, "per_ood_lake": 1000}, "all_class_acc": [[21.0, 31.33, 13.0, 26.33, 29.33, 24.198], [14.67, 47.0, 8.67, 8.67, 59.67, 27.736], [9.33, 30.33, 44.33, 17.0, 36.67, 27.532], [20.33, 20.33, 27.67, 4.0, 24.33, 19.332], [16.0, 33.0, 36.0, 25.67, 13.0, 24.734], [15.33, 22.33, 54.33, 8.0, 27.33, 25.464], [6.33, 31.67, 25.33, 13.33, 57.67, 26.865999999999996], [15.67, 37.0, 49.67, 9.33, 22.33, 26.8], [14.0, 21.0, 36.0, 7.67, 41.33, 24.0], [10.33, 23.0, 37.33, 19.67, 23.67, 22.8]], "test_acc": [0.758, 0.7226666666666667, 0.7246666666666667, 0.8066666666666666, 0.7526666666666667, 0.7453333333333333, 0.7313333333333333, 0.732, 0.76, 0.772], "sel_per_cls": [[1, 0, 1, 1, 1, 26], [2, 1, 0, 1, 1, 25], [0, 0, 0, 2, 2, 26], [2, 1, 1, 5, 2, 19], [3, 2, 3, 2, 1, 19], [4, 1, 3, 4, 3, 15], [3, 0, 0, 2, 3, 22], [1, 3, 2, 2, 2, 20], [2, 0, 0, 3, 1, 24]], "sel_cls_idx": [0, 1, 2, 3, 4], "all_val_class_acc": [[0, 0, 0, 0, 0, 0.0], [0, 0, 0, 0, 0, 0.0], [0, 0, 0, 0, 0, 0.0], [0, 0, 0, 0, 0, 0.0], [0, 0, 0, 0, 0, 0.0], [0, 0, 0, 0, 0, 0.0], [0, 0, 0, 0, 0, 0.0], [0, 0, 0, 0, 0, 0.0], [0, 0, 0, 0, 0, 0.0], [0, 0, 0, 0, 0, 0.0]]}